time,rf,rm,,,,,,,,
02/06/2022,0.000127425,-0.008387712,,,,,,,,
03/06/2022,0.000127578,-0.000496655,,,,,,,,
06/06/2022,0.000127425,0.001576111,,,,,,,,
07/06/2022,0.000127617,0.001038752,,,,,,,,
08/06/2022,0.000127578,0.012823789,,,,,,,,
09/06/2022,0.000128193,-8.41036E-05,,,,,,,,
10/06/2022,0.000127809,-0.01813733,,,,,,,,
13/06/2022,0.000129499,-0.044420908,,,,,,,,
14/06/2022,0.000132379,0.00266495,,,,,,,,
15/06/2022,0.000134644,-0.013313718,,,,,,,,
16/06/2022,0.000134413,0.018699596,,,,,,,,
17/06/2022,0.000133915,-0.015631191,,,,,,,,
20/06/2022,0.000134183,-0.030312988,,,,,,,,
21/06/2022,0.000133684,-0.006718062,,,,,,,,
22/06/2022,0.000133492,-0.002729281,,,,,,,,
23/06/2022,0.000133377,0.016771148,,,,,,,,
24/06/2022,0.000133761,-0.002859834,,,,,,,,
27/06/2022,0.000132725,0.014626987,,,,,,,,
28/06/2022,0.000132495,0.01270348,,,,,,,,
29/06/2022,0.00013165,-8.20951E-06,,,,,,,,
30/06/2022,0.000131458,-0.016821417,,,,,,,,
01/07/2022,0.000131343,0.001085504,,,,,,,,
04/07/2022,0.000131727,-0.00281091,,,,,,,,
05/07/2022,0.000131458,-0.011911035,,,,,,,,
06/07/2022,0.000131151,-0.026818139,,,,,,,,
07/07/2022,0.000131189,0.014674542,,,,,,,,
08/07/2022,0.000131842,0.004140663,,,,,,,,
11/07/2022,0.000131189,-0.013676994,,,,,,,,
12/07/2022,0.000131304,0.016904846,,,,,,,,
13/07/2022,0.000131151,-0.000766075,,,,,,,,
14/07/2022,0.000132303,0.007027736,,,,,,,,
15/07/2022,0.000132686,-0.002470034,,,,,,,,
18/07/2022,0.000133646,-0.002340471,,,,,,,,
19/07/2022,0.000133531,0.001563974,,,,,,,,
20/07/2022,0.000133224,0.013417294,,,,,,,,
21/07/2022,0.000133761,0.00362604,,,,,,,,
22/07/2022,0.000133723,-0.003095614,,,,,,,,
25/07/2022,0.000133876,-0.005239546,,,,,,,,
26/07/2022,0.000136024,-0.002885991,,,,,,,,
27/07/2022,0.000150418,0.005037677,,,,,,,,
28/07/2022,0.000144453,0.014340408,,,,,,,,
29/07/2022,0.000141581,-0.001481641,,,,,,,,
01/08/2022,0.000143649,0.020740593,,,,,,,,
02/08/2022,0.000140164,0.008340439,,,,,,,,
03/08/2022,0.000140356,0.006555951,,,,,,,,
04/08/2022,0.000143649,0.003512674,,,,,,,,
05/08/2022,0.000144644,-0.001124267,,,,,,,,
08/08/2022,0.000144185,0.003200983,,,,,,,,
09/08/2022,0.000144567,0.001670977,,,,,,,,
10/08/2022,0.000144874,-0.001866783,,,,,,,,
11/08/2022,0.000140011,-0.003525667,,,,,,,,
12/08/2022,0.000141045,0.00819443,,,,,,,,
15/08/2022,0.00014116,0.009403246,,,,,,,,
16/08/2022,0.000140317,0.000384555,,,,,,,,
17/08/2022,0.000141045,0.000462858,,,,,,,,
18/08/2022,0.000140202,-0.001270309,,,,,,,,
19/08/2022,0.000140471,-0.003517422,,,,,,,,
22/08/2022,0.0001407,-0.006894215,,,,,,,,
23/08/2022,0.000141964,0.008235285,,,,,,,,
24/08/2022,0.000142156,0.004996813,,,,,,,,
25/08/2022,0.000142079,0.009176611,,,,,,,,
26/08/2022,0.000141926,-0.004895723,,,,,,,,
29/08/2022,0.00014296,-0.009176887,,,,,,,,
30/08/2022,0.000143151,0.006759522,,,,,,,,
31/08/2022,0.000143457,0.000875417,,,,,,,,
05/09/2022,0.000144797,-0.002467767,,,,,,,,
06/09/2022,0.000146825,3.91435E-05,,,,,,,,
07/09/2022,0.000148737,-0.026796618,,,,,,,,
08/09/2022,0.000149272,-0.006893667,,,,,,,,
09/09/2022,0.00014866,0.011485501,,,,,,,,
12/09/2022,0.00014801,0.000672657,,,,,,,,
13/09/2022,0.000148125,-0.000976297,,,,,,,,
14/09/2022,0.000149998,-0.006111823,,,,,,,,
15/09/2022,0.00015038,0.003941101,,,,,,,,
16/09/2022,0.000151832,-0.009336416,,,,,,,,
19/09/2022,0.000151679,-0.023176098,,,,,,,,
20/09/2022,0.000153474,0.011199323,,,,,,,,
21/09/2022,0.000167272,-0.006874882,,,,,,,,
22/09/2022,0.000175863,0.003428194,,,,,,,,
23/09/2022,0.000180189,-0.009401498,,,,,,,,
26/09/2022,0.000181023,-0.024042617,,,,,,,,
27/09/2022,0.000188865,-0.006650488,,,,,,,,
28/09/2022,0.000194575,-0.019647847,,,,,,,,
29/09/2022,0.000192685,-0.015346007,,,,,,,,
30/09/2022,0.000194235,0.005363787,,,,,,,,
03/10/2022,0.000194651,-0.040340603,,,,,,,,
04/10/2022,0.000197975,-0.00763963,,,,,,,,
05/10/2022,0.000198466,0.024226909,,,,,,,,
06/10/2022,0.000198277,-0.026932063,,,,,,,,
07/10/2022,0.000198995,-0.035932323,,,,,,,,
10/10/2022,0.000198579,0.00634225,,,,,,,,
11/10/2022,0.000199447,-0.034801627,,,,,,,,
12/10/2022,0.000200429,0.028433711,,,,,,,,
13/10/2022,0.000200089,0.015635721,,,,,,,,
14/10/2022,0.000200089,0.010333114,,,,,,,,
17/10/2022,0.000198617,-0.009671799,,,,,,,,
18/10/2022,0.000195747,0.011487476,,,,,,,,
19/10/2022,0.000195558,-0.003375139,,,,,,,,
20/10/2022,0.00019552,-0.001528201,,,,,,,,
21/10/2022,0.000196578,-0.036496764,,,,,,,,
24/10/2022,0.00019722,-0.03301563,,,,,,,,
25/10/2022,0.000199636,0.011712214,,,,,,,,
26/10/2022,0.000200127,-0.004350005,,,,,,,,
27/10/2022,0.000201334,0.034881614,,,,,,,,
28/10/2022,0.000200768,-0.00063229,,,,,,,,
31/10/2022,0.000200957,0.000564554,,,,,,,,
01/11/2022,0.000200957,0.005652081,,,,,,,,
02/11/2022,0.000200806,-0.010215236,,,,,,,,
03/11/2022,0.000201523,-0.003303394,,,,,,,,
04/11/2022,0.000201523,-0.022219825,,,,,,,,
07/11/2022,0.000201297,-0.022022765,,,,,,,,
08/11/2022,0.000200316,0.00662435,,,,,,,,
09/11/2022,0.000199938,0.00401365,,,,,,,,
10/11/2022,0.000199825,-0.038910703,,,,,,,,
11/11/2022,0.000199976,0.007696043,,,,,,,,
14/11/2022,0.000198957,-0.01413261,,,,,,,,
15/11/2022,0.000199334,-0.03096574,,,,,,,,
16/11/2022,0.000199183,0.033994956,,,,,,,,
17/11/2022,0.000198504,0.027956305,,,,,,,,
18/11/2022,0.000198995,7.222E-05,,,,,,,,
21/11/2022,0.000198995,-0.008954639,,,,,,,,
22/11/2022,0.000199146,-0.008879405,,,,,,,,
23/11/2022,0.000199146,-0.006427761,,,,,,,,
24/11/2022,0.000199636,0.001807611,,,,,,,,
25/11/2022,0.000199636,0.025060409,,,,,,,,
28/11/2022,0.000199636,0.035235625,,,,,,,,
29/11/2022,0.000199485,0.026320238,,,,,,,,
30/11/2022,0.000199825,0.015753372,,,,,,,,
01/12/2022,0.000199976,-0.011579329,,,,,,,,
02/12/2022,0.000199976,0.04219902,,,,,,,,
05/12/2022,0.000199787,0.012648031,,,,,,,,
06/12/2022,0.000200051,-0.04112758,,,,,,,,
07/12/2022,0.000200051,-0.007313887,,,,,,,,
08/12/2022,0.000199372,0.009135271,,,,,,,,
09/12/2022,0.000199032,0.001218433,,,,,,,,
12/12/2022,0.000199032,-0.018767648,,,,,,,,
13/12/2022,0.000198844,0.01490209,,,,,,,,
14/12/2022,0.000198844,0.002845005,,,,,,,,
15/12/2022,0.000198504,0.004655236,,,,,,,,
16/12/2022,0.000198504,-0.002691127,,,,,,,,
19/12/2022,0.000198239,-0.013377926,,,,,,,,
20/12/2022,0.000198051,-0.014705316,,,,,,,,
21/12/2022,0.000198051,-0.00415392,,,,,,,,
22/12/2022,0.000197107,0.003660883,,,,,,,,
23/12/2022,0.000197107,-0.00221981,,,,,,,,
26/12/2022,0.000196918,-0.0344297,,,,,,,,
27/12/2022,0.000196918,0.019650633,,,,,,,,
28/12/2022,0.000196578,0.011039549,,,,,,,,
29/12/2022,0.000195218,-0.006271784,,,,,,,,
30/12/2022,0.000195029,-0.00217975,,,,,,,,
03/01/2023,0.000194689,0.036550854,,,,,,,,
04/01/2023,0.00019484,0.002346968,,,,,,,,
05/01/2023,0.000193631,0.009050509,,,,,,,,
06/01/2023,0.00019295,-0.004148434,,,,,,,,
09/01/2023,0.0001914,0.002634482,,,,,,,,
10/01/2023,0.000190568,-0.000815777,,,,,,,,
11/01/2023,0.000190227,0.002287938,,,,,,,,
12/01/2023,0.000187578,0.000596727,,,,,,,,
13/01/2023,0.000186896,0.003578224,,,,,,,,
16/01/2023,0.000186745,0.006140525,,,,,,,,
17/01/2023,0.000186745,0.020259122,,,,,,,,
18/01/2023,0.000186025,0.009179539,,,,,,,,
19/01/2023,0.000185685,0.008923043,,,,,,,,
27/01/2023,0.000184624,0.008140206,,,,,,,,
30/01/2023,0.00018307,-0.013006893,,,,,,,,
31/01/2023,0.000179961,0.007809028,,,,,,,,
01/02/2023,0.000173736,-0.031687035,,,,,,,,
02/02/2023,0.000169289,0.001505618,,,,,,,,
03/02/2023,0.000168071,-0.000408319,,,,,,,,
06/02/2023,0.000167919,0.011270482,,,,,,,,
07/02/2023,0.00016712,-0.021527784,,,,,,,,
08/02/2023,0.000167957,0.005985889,,,,,,,,
09/02/2023,0.000165446,-0.007638358,,,,,,,,
10/02/2023,0.000165331,-0.008204656,,,,,,,,
13/02/2023,0.000165217,-0.010992135,,,,,,,,
14/02/2023,0.000163465,-0.004848136,,,,,,,,
15/02/2023,0.000165217,0.009204344,,,,,,,,
16/02/2023,0.000167501,0.009626026,,,,,,,,
17/02/2023,0.00016887,0.000963819,,,,,,,,
20/02/2023,0.000169935,0.025847014,,,,,,,,
21/02/2023,0.000172634,-0.004104206,,,,,,,,
22/02/2023,0.000175787,-0.025826303,,,,,,,,
23/02/2023,0.000176812,-0.000588079,,,,,,,,
24/02/2023,0.000177609,-0.013381926,,,,,,,,
27/02/2023,0.000176394,-0.017613221,,,,,,,,
28/02/2023,0.000175901,0.003358629,,,,,,,,
01/03/2023,0.00017609,0.015487762,,,,,,,,
02/03/2023,0.000178102,-0.002825429,,,,,,,,
03/03/2023,0.000178292,-0.012374592,,,,,,,,
06/03/2023,0.000177912,0.002351747,,,,,,,,
07/03/2023,0.000176622,0.010377928,,,,,,,,
08/03/2023,0.000177647,0.01092654,,,,,,,,
09/03/2023,0.000175407,0.006452658,,,,,,,,
10/03/2023,0.000173356,-0.002793693,,,,,,,,
13/03/2023,0.000169365,-0.000189934,,,,,,,,
14/03/2023,0.000167234,-0.012034574,,,,,,,,
15/03/2023,0.000166055,0.021208887,,,,,,,,
16/03/2023,0.000159579,-0.013924063,,,,,,,,
17/03/2023,0.000159388,-0.002157724,,,,,,,,
20/03/2023,0.000156795,-0.021088084,,,,,,,,
21/03/2023,0.000155192,0.009119343,,,,,,,,
22/03/2023,0.000152367,0.007855254,,,,,,,,
23/03/2023,0.0001508,0.00438234,,,,,,,,
24/03/2023,0.000144376,0.00161707,,,,,,,,
27/03/2023,0.000147284,0.005215946,,,,,,,,
28/03/2023,0.000146404,0.001938703,,,,,,,,
29/03/2023,0.000145945,0.001934951,,,,,,,,
30/03/2023,0.00014472,0.002944156,,,,,,,,
31/03/2023,0.000135334,0.004908253,,,,,,,,
03/04/2023,0.000140049,0.013751127,,,,,,,,
04/04/2023,0.000138976,-0.000769031,,,,,,,,
05/04/2023,0.000139359,0.002234689,,,,,,,,
06/04/2023,0.000140356,-0.009205633,,,,,,,,
07/04/2023,0.000138325,-0.001120542,,,,,,,,
10/04/2023,0.000134682,-0.004075871,,,,,,,,
11/04/2023,0.000134413,0.003857887,,,,,,,,
12/04/2023,0.000133799,-9.35051E-06,,,,,,,,
13/04/2023,0.000136101,-0.004815559,,,,,,,,
14/04/2023,0.000135372,-0.010720661,,,,,,,,
17/04/2023,0.000133147,0.000873785,,,,,,,,
18/04/2023,0.000135641,0.001148215,,,,,,,,
19/04/2023,0.000134337,-0.00572501,,,,,,,,
20/04/2023,0.000134567,0.000257393,,,,,,,,
21/04/2023,0.000133416,-0.006042411,,,,,,,,
24/04/2023,0.000136178,-0.001486226,,,,,,,,
25/04/2023,0.000132379,-0.00625144,,,,,,,,
26/04/2023,0.000131727,0.005749626,,,,,,,,
27/04/2023,0.000130229,-0.001124135,,,,,,,,
28/04/2023,0.000131266,0.009128248,,,,,,,,
04/05/2023,0.000130037,-0.00811156,,,,,,,,
05/05/2023,0.00012754,-0.000288292,,,,,,,,
08/05/2023,0.000124772,0.012621238,,,,,,,,
09/05/2023,0.000123656,0.000313259,,,,,,,,
10/05/2023,0.000125118,0.004260892,,,,,,,,
11/05/2023,0.000122348,-0.00107724,,,,,,,,
12/05/2023,0.000121848,0.009251551,,,,,,,,
15/05/2023,0.000121848,-0.001115381,,,,,,,,
16/05/2023,0.000121309,0.000187668,,,,,,,,
17/05/2023,0.000121848,-0.005131765,,,,,,,,
18/05/2023,0.000120886,0.007421448,,,,,,,,
19/05/2023,0.000121001,-0.001160712,,,,,,,,
22/05/2023,0.00012281,0.00334561,,,,,,,,
23/05/2023,0.000122348,-0.00447396,,,,,,,,
24/05/2023,0.000122925,-0.003809166,,,,,,,,
25/05/2023,0.000126464,0.002674729,,,,,,,,
26/05/2023,0.000129154,-0.000817185,,,,,,,,
29/05/2023,0.000131189,0.010547492,,,,,,,,
30/05/2023,0.000128155,0.002855867,,,,,,,,
31/05/2023,0.000127694,-0.00267149,,,,,,,,
01/06/2023,0.000126233,0.002994875,,,,,,,,
02/06/2023,0.000124272,0.011544988,,,,,,,,
05/06/2023,0.000125156,0.006398739,,,,,,,,
06/06/2023,0.000124849,0.009555301,,,,,,,,
07/06/2023,0.000124541,0.001109798,,,,,,,,
08/06/2023,0.000125195,-0.007408476,,,,,,,,
09/06/2023,0.000123579,0.005638688,,,,,,,,
12/06/2023,0.000123618,0.007665707,,,,,,,,
13/06/2023,0.00012127,0.005770506,,,,,,,,
14/06/2023,0.000119538,-0.004490138,,,,,,,,
15/06/2023,0.000119807,-0.000402713,,,,,,,,
16/06/2023,0.000114837,-0.001566739,,,,,,,,
19/06/2023,0.000113372,-0.008805437,,,,,,,,
20/06/2023,0.00011179,0.005717387,,,,,,,,
21/06/2023,0.000111327,0.006062678,,,,,,,,
22/06/2023,0.000105109,0.006115552,,,,,,,,
23/06/2023,0.000107389,0.0036257,,,,,,,,
26/06/2023,0.00010538,0.00234642,,,,,,,,
27/06/2023,0.000105341,0.002031748,,,,,,,,
28/06/2023,0.000104259,0.003543942,,,,,,,,
29/06/2023,0.000105689,-0.011384899,,,,,,,,
30/06/2023,0.000107543,-0.004629506,,,,,,,,
03/07/2023,0.000112021,0.004749237,,,,,,,,
04/07/2023,0.000112523,0.005775211,,,,,,,,
05/07/2023,0.000111095,0.002314488,,,,,,,,
06/07/2023,0.00011206,-0.00740336,,,,,,,,
07/07/2023,0.000113989,0.010521923,,,,,,,,
10/07/2023,0.000111211,0.009621552,,,,,,,,
11/07/2023,0.000109088,0.002393344,,,,,,,,
12/07/2023,0.000110902,0.002109796,,,,,,,,
13/07/2023,0.000108741,0.009721019,,,,,,,,
14/07/2023,0.00010932,0.002557018,,,,,,,,
17/07/2023,0.000104684,0.004048271,,,,,,,,
18/07/2023,0.000104104,0.000818324,,,,,,,,
19/07/2023,0.000101977,-0.000945413,,,,,,,,
20/07/2023,0.00010101,-0.00014493,,,,,,,,
21/07/2023,0.000100352,0.011161228,,,,,,,,
24/07/2023,0.000101823,0.004064424,,,,,,,,
25/07/2023,0.000100469,0.004350309,,,,,,,,
26/07/2023,0.000101668,0.00413078,,,,,,,,
27/07/2023,9.94237E-05,-0.002922954,,,,,,,,
28/07/2023,9.99655E-05,0.008635882,,,,,,,,
31/07/2023,0.000100352,0.012611061,,,,,,,,
01/08/2023,9.78752E-05,-0.004366669,,,,,,,,
02/08/2023,9.90366E-05,0.002357173,,,,,,,,
03/08/2023,9.90366E-05,-0.007767754,,,,,,,,
04/08/2023,9.79139E-05,0.012411743,,,,,,,,
07/08/2023,0.000100855,0.012594006,,,,,,,,
08/08/2023,0.000100855,0.000652479,,,,,,,,
09/08/2023,0.000101784,-0.006633232,,,,,,,,
10/08/2023,9.95011E-05,-0.010842876,,,,,,,,
11/08/2023,0.00010012,0.009503445,,,,,,,,
14/08/2023,0.000101513,0.003757476,,,,,,,,
15/08/2023,0.00010248,-0.002255749,,,,,,,,
16/08/2023,0.000104645,0.007463231,,,,,,,,
17/08/2023,0.000103254,-0.007866416,,,,,,,,
18/08/2023,0.000101049,-0.044986542,,,,,,,,
21/08/2023,0.000103834,0.001502559,,,,,,,,
22/08/2023,0.000105109,0.00061877,,,,,,,,
23/08/2023,0.000105496,-0.006717549,,,,,,,,
24/08/2023,0.000105148,0.01435321,,,,,,,,
25/08/2023,0.000104259,-0.005061418,,,,,,,,
28/08/2023,0.000106037,0.015506562,,,,,,,,
29/08/2023,0.00010708,0.002255101,,,,,,,,
30/08/2023,0.000107698,0.007248242,,,,,,,,
31/08/2023,0.000106384,0.008976557,,,,,,,,
05/09/2023,0.000107389,0.008929374,,,,,,,,
06/09/2023,0.000107736,0.008518357,,,,,,,,
07/09/2023,0.000107968,-0.001894821,,,,,,,,
08/09/2023,0.000107775,-0.001335328,,,,,,,,
11/09/2023,0.000107968,-0.014378,,,,,,,,
12/09/2023,0.000106809,0.017824015,,,,,,,,
13/09/2023,0.000106462,-0.00566065,,,,,,,,
14/09/2023,0.000106462,-0.011773351,,,,,,,,
15/09/2023,0.00010708,0.002900777,,,,,,,,
18/09/2023,0.000105534,-0.012669469,,,,,,,,
19/09/2023,0.000106307,-0.000255816,,,,,,,,
20/09/2023,0.000105496,0.01205943,,,,,,,,
21/09/2023,0.000106153,-0.010904405,,,,,,,,
22/09/2023,0.000107273,-0.016235962,,,,,,,,
25/09/2023,0.000108509,-0.033401785,,,,,,,,
26/09/2023,0.000109243,-0.013215401,,,,,,,,
27/09/2023,0.000107659,0.013963584,,,,,,,,
28/09/2023,0.000109513,-0.001230663,,,,,,,,
29/09/2023,0.000111057,0.001492498,,,,,,,,
02/10/2023,0.000111829,0.000953082,,,,,,,,
03/10/2023,0.000115993,-0.032157542,,,,,,,,
04/10/2023,0.000118382,0.009453537,,,,,,,,
05/10/2023,0.000119191,-0.013095059,,,,,,,,
06/10/2023,0.000118691,0.013152107,,,,,,,,
09/10/2023,0.000118883,0.007815408,,,,,,,,
10/10/2023,0.000118575,0.00556552,,,,,,,,
11/10/2023,0.00011819,0.006225463,,,,,,,,
12/10/2023,0.000117111,0.000695163,,,,,,,,
13/10/2023,0.000118344,0.002709251,,,,,,,,
16/10/2023,0.000118614,-0.011526504,,,,,,,,
17/10/2023,0.000119076,-0.017320531,,,,,,,,
18/10/2023,0.000119538,-0.016270673,,,,,,,,
19/10/2023,0.000124541,-0.014092804,,,,,,,,
20/10/2023,0.00012704,0.018550352,,,,,,,,
23/10/2023,0.00012681,-0.013086288,,,,,,,,
24/10/2023,0.000125695,0.01131199,,,,,,,,
25/10/2023,0.000121809,-0.003833981,,,,,,,,
26/10/2023,0.000121347,-0.041945791,,,,,,,,
27/10/2023,0.000120462,0.004898385,,,,,,,,
30/10/2023,0.000119884,-0.017178631,,,,,,,,
31/10/2023,0.000119884,-0.013632003,,,,,,,,
01/11/2023,0.000118382,0.011155526,,,,,,,,
02/11/2023,0.000117882,0.034443953,,,,,,,,
03/11/2023,0.000116957,0.001218072,,,,,,,,
06/11/2023,0.000115377,0.011961589,,,,,,,,
07/11/2023,0.00011368,-0.008599013,,,,,,,,
08/11/2023,0.000111095,0.030676948,,,,,,,,
09/11/2023,0.000111327,0.000413138,,,,,,,,
10/11/2023,0.000110671,-0.010961585,,,,,,,,
13/11/2023,0.000109822,-0.001461404,,,,,,,,
14/11/2023,0.00010959,0.008781259,,,,,,,,
15/11/2023,0.0001082,0.011507304,,,,,,,,
16/11/2023,0.000106771,0.002699332,,,,,,,,
17/11/2023,0.000105998,-0.021625368,,,,,,,,
20/11/2023,0.000104723,0.002243028,,,,,,,,
21/11/2023,0.000104645,0.006161318,,,,,,,,
22/11/2023,0.000104684,0.003025773,,,,,,,,
23/11/2023,9.9385E-05,-0.022741556,,,,,,,,
24/11/2023,0.000100972,0.006541172,,,,,,,,
27/11/2023,0.000101165,-0.006891138,,,,,,,,
28/11/2023,0.000101165,0.006773524,,,,,,,,
29/11/2023,0.000100004,0.006727952,,,,,,,,
30/11/2023,9.74493E-05,-0.007861806,,,,,,,,
01/12/2023,9.74493E-05,0.007339164,,,,,,,,
04/12/2023,9.72944E-05,0.016630979,,,,,,,,
05/12/2023,9.77203E-05,-0.004033949,,,,,,,,
06/12/2023,9.73331E-05,0.009373012,,,,,,,,
07/12/2023,9.77978E-05,-0.004385537,,,,,,,,
08/12/2023,9.76816E-05,0.002630429,,,,,,,,
11/12/2023,9.79526E-05,0.000942691,,,,,,,,
12/12/2023,9.76429E-05,0.001892492,,,,,,,,
13/12/2023,9.71782E-05,-0.011909935,,,,,,,,
14/12/2023,9.40789E-05,-0.003652845,,,,,,,,
15/12/2023,9.26059E-05,-0.007053228,,,,,,,,
18/12/2023,9.35362E-05,-0.009452962,,,,,,,,
19/12/2023,9.31874E-05,0.004048064,,,,,,,,
20/12/2023,9.2412E-05,0.004068229,,,,,,,,
21/12/2023,9.2063E-05,0.001517134,,,,,,,,
22/12/2023,9.25283E-05,0.000571465,,,,,,,,
25/12/2023,9.24895E-05,0.013235907,,,,,,,,
26/12/2023,9.25283E-05,0.004106795,,,,,,,,
27/12/2023,9.25671E-05,-0.000231677,,,,,,,,
28/12/2023,9.2916E-05,0.006185438,,,,,,,,
29/12/2023,9.38463E-05,0.000885795,,,,,,,,
02/01/2024,9.39626E-05,0.001584169,,,,,,,,
03/01/2024,9.52027E-05,0.011000954,,,,,,,,
04/01/2024,9.35362E-05,0.005724674,,,,,,,,
05/01/2024,9.2916E-05,0.003441324,,,,,,,,
08/01/2024,9.05893E-05,0.004771885,,,,,,,,
09/01/2024,9.05505E-05,-0.001379084,,,,,,,,
10/01/2024,9.09771E-05,0.002546198,,,,,,,,
11/01/2024,9.10547E-05,0.00058543,,,,,,,,
12/01/2024,9.13262E-05,-0.006470376,,,,,,,,
15/01/2024,9.11323E-05,-0.000502295,,,,,,,,
16/01/2024,9.10547E-05,0.007798149,,,,,,,,
17/01/2024,9.24895E-05,-0.000507256,,,,,,,,
18/01/2024,9.22181E-05,0.005617059,,,,,,,,
19/01/2024,9.31874E-05,0.010641028,,,,,,,,
22/01/2024,9.24895E-05,0.001151079,,,,,,,,
23/01/2024,9.07444E-05,-0.00453139,,,,,,,,
24/01/2024,9.01237E-05,-0.003847134,,,,,,,,
25/01/2024,9.2916E-05,-0.002216595,,,,,,,,
26/01/2024,9.41564E-05,0.004528482,,,,,,,,
29/01/2024,9.33037E-05,1.70116E-05,,,,,,,,
30/01/2024,9.40014E-05,0.003368235,,,,,,,,
31/01/2024,9.49702E-05,-0.013003857,,,,,,,,
01/02/2024,9.46214E-05,0.007480826,,,,,,,,
02/02/2024,9.43114E-05,-0.000400675,,,,,,,,
05/02/2024,9.55901E-05,0.011521897,,,,,,,,
06/02/2024,9.49702E-05,0.002040369,,,,,,,,
07/02/2024,9.43114E-05,0.008456179,,,,,,,,
15/02/2024,9.40401E-05,0.003312391,,,,,,,,
16/02/2024,9.342E-05,0.005987526,,,,,,,,
19/02/2024,9.38463E-05,0.012622964,,,,,,,,
20/02/2024,9.41951E-05,0.004155204,,,,,,,,
21/02/2024,9.35362E-05,-1.62594E-05,,,,,,,,
22/02/2024,9.45052E-05,-0.00221944,,,,,,,,
23/02/2024,9.51639E-05,-0.012474436,,,,,,,,
26/02/2024,9.65198E-05,0.010041254,,,,,,,,
27/02/2024,9.50477E-05,0.010856335,,,,,,,,
28/02/2024,9.32649E-05,0.013810547,,,,,,,,
29/02/2024,9.65198E-05,-0.001450719,,,,,,,,
01/03/2024,9.43502E-05,0.004430324,,,,,,,,
04/03/2024,9.43502E-05,0.002487523,,,,,,,,
05/03/2024,9.42339E-05,0.006793985,,,,,,,,
06/03/2024,9.51639E-05,-0.005708751,,,,,,,,
07/03/2024,9.77978E-05,0.004537787,,,,,,,,
08/03/2024,0.00010248,-0.016642228,,,,,,,,
11/03/2024,0.00010132,-0.009508157,,,,,,,,
12/03/2024,0.000102209,0.007697351,,,,,,,,
13/03/2024,0.000102596,0.02048996,,,,,,,,
14/03/2024,0.000102132,-0.004919284,,,,,,,,
15/03/2024,0.000102751,-0.000379669,,,,,,,,
18/03/2024,0.000103022,-0.01599962,,,,,,,,
19/03/2024,0.000102712,-0.000884557,,,,,,,,
20/03/2024,0.000103447,0.014181543,,,,,,,,
21/03/2024,0.000102596,0.012967431,,,,,,,,
22/03/2024,0.000103254,0.004214914,,,,,,,,
25/03/2024,0.000104104,-0.010875332,,,,,,,,
26/03/2024,0.000104297,0.011318284,,,,,,,,
27/03/2024,0.000105071,0.000686315,,,,,,,,
28/03/2024,0.000104877,0.005525723,,,,,,,,
29/03/2024,0.000107543,-0.004720272,,,,,,,,
01/04/2024,0.00010793,-0.002001417,,,,,,,,
02/04/2024,0.000112639,0.004307385,,,,,,,,
03/04/2024,0.000114027,-0.012097526,,,,,,,,
04/04/2024,0.000114297,-0.002532502,,,,,,,,
05/04/2024,0.000112793,-0.010360733,,,,,,,,
08/04/2024,0.00011233,-0.003792496,,,,,,,,
09/04/2024,0.000109937,0.009973208,,,,,,,,
10/04/2024,0.000109937,-0.003373402,,,,,,,,
11/04/2024,0.000110787,-0.000286041,,,,,,,,
12/04/2024,0.000111944,0.014624066,,,,,,,,
15/04/2024,0.000113217,-0.04699201,,,,,,,,
16/04/2024,0.000114991,-0.000764419,,,,,,,,
17/04/2024,0.000114336,-0.018647999,,,,,,,,
19/04/2024,0.000114297,-0.015222001,,,,,,,,
22/04/2024,0.00011449,0.013082521,,,,,,,,
23/04/2024,0.000113834,-0.010771118,,,,,,,,
24/04/2024,0.000114259,0.023959572,,,,,,,,
25/04/2024,0.000113564,-0.000530852,,,,,,,,
26/04/2024,0.000113449,0.003776028,,,,,,,,
02/05/2024,0.000114451,0.005655136,,,,,,,,
03/05/2024,0.000114374,0.003839324,,,,,,,,
06/05/2024,0.000112716,0.016830053,,,,,,,,
07/05/2024,0.000112484,0.005678249,,,,,,,,
08/05/2024,0.000112832,0.001465606,,,,,,,,
09/05/2024,0.000112484,-0.001455464,,,,,,,,
10/05/2024,0.000111983,-0.003155433,,,,,,,,
13/05/2024,0.0001126,-0.003631397,,,,,,,,
14/05/2024,0.000112562,0.002499637,,,,,,,,
15/05/2024,0.0001126,0.00893604,,,,,,,,
16/05/2024,0.000112099,0.011471711,,,,,,,,
17/05/2024,0.00011179,0.003412727,,,,,,,,
20/05/2024,0.000112214,0.003511087,,,,,,,,
21/05/2024,0.000111597,-0.000344401,,,,,,,,
22/05/2024,0.000115724,-0.008010085,,,,,,,,
23/05/2024,0.000118344,0.011145227,,,,,,,,
24/05/2024,0.000118652,-0.014909877,,,,,,,,
27/05/2024,0.000117843,0.004556513,,,,,,,,
28/05/2024,0.000116841,0.011083239,,,,,,,,
29/05/2024,0.000115569,-0.007091977,,,,,,,,
30/05/2024,0.000116032,-0.004966055,,,,,,,,
31/05/2024,0.0001153,-0.003632573,,,,,,,,
03/06/2024,0.000114567,0.014488159,,,,,,,,
04/06/2024,0.000113873,0.00275,,,,,,,,
05/06/2024,0.000113989,0.000646659,,,,,,,,
06/06/2024,0.000114066,-0.000615097,,,,,,,,
07/06/2024,0.000113757,0.003131914,,,,,,,,
10/06/2024,0.000114567,0.002399851,,,,,,,,
11/06/2024,0.000114953,-0.004850194,,,,,,,,
12/06/2024,0.000114683,0.012285797,,,,,,,,
13/06/2024,0.000113719,0.001015236,,,,,,,,
14/06/2024,0.000113487,-0.016596108,,,,,,,,
17/06/2024,0.000113564,-0.004015907,,,,,,,,
18/06/2024,0.000113719,0.003710473,,,,,,,,
19/06/2024,0.000113063,0.000226651,,,,,,,,
20/06/2024,0.00011152,0.001961259,,,,,,,,
21/06/2024,0.000112021,-0.000218358,,,,,,,,
24/06/2024,0.000112677,-0.021762531,,,,,,,,
25/06/2024,0.0001126,0.001945587,,,,,,,,
26/06/2024,0.00011341,0.003724454,,,,,,,,
27/06/2024,0.000113024,-0.001704672,,,,,,,,
28/06/2024,0.00011287,-0.01093647,,,,,,,,
01/07/2024,0.000112754,0.00741978,,,,,,,,
02/07/2024,0.000112484,0.012139714,,,,,,,,
03/07/2024,0.00011179,0.005559974,,,,,,,,
04/07/2024,0.000112369,0.002380859,,,,,,,,
05/07/2024,0.000112446,0.002461149,,,,,,,,
08/07/2024,0.000112793,0.000405287,,,,,,,,
09/07/2024,0.000113217,0.007907694,,,,,,,,
10/07/2024,0.000112986,-0.006005983,,,,,,,,
11/07/2024,0.000113063,-0.001664152,,,,,,,,
12/07/2024,0.000113217,-0.002375759,,,,,,,,
15/07/2024,0.000113487,-0.000726137,,,,,,,,
16/07/2024,0.00011341,0.001062649,,,,,,,,
17/07/2024,0.000113526,-0.009772241,,,,,,,,
18/07/2024,0.000113603,0.004555988,,,,,,,,
19/07/2024,0.000113256,-0.0075798,,,,,,,,
22/07/2024,0.000113564,-0.008017205,,,,,,,,
23/07/2024,0.00011341,-0.018196455,,,,,,,,
24/07/2024,0.000113757,0.005406678,,,,,,,,
25/07/2024,0.000112716,-0.004263325,,,,,,,,
26/07/2024,0.000113333,0.007233273,,,,,,,,
29/07/2024,0.000113564,0.003614817,,,,,,,,
30/07/2024,0.000113256,-0.00123536,,,,,,,,
31/07/2024,0.000113179,0.005180473,,,,,,,,
01/08/2024,0.000112677,-0.019616304,,,,,,,,
02/08/2024,0.00011341,0.007856817,,,,,,,,
05/08/2024,0.00011314,-0.039244703,,,,,,,,
06/08/2024,0.000112214,0.018694185,,,,,,,,
07/08/2024,0.000111983,0.004627028,,,,,,,,
08/08/2024,0.000111636,-0.006217719,,,,,,,,
09/08/2024,0.000112214,0.012678761,,,,,,,,
12/08/2024,0.000111636,0.005426433,,,,,,,,
13/08/2024,0.000111481,0.000113795,,,,,,,,
14/08/2024,0.00011125,-4.87638E-05,,,,,,,,
15/08/2024,0.000111327,-0.005526838,,,,,,,,
16/08/2024,0.000111057,0.023431626,,,,,,,,
19/08/2024,0.00011125,0.007498622,,,,,,,,
20/08/2024,0.000110825,0.008663464,,,,,,,,
21/08/2024,0.000110671,0.009036973,,,,,,,,
22/08/2024,0.000110092,-0.000989058,,,,,,,,
23/08/2024,0.000110516,0.001980075,,,,,,,,
26/08/2024,0.000110169,-0.004123487,,,,,,,,
27/08/2024,0.000110401,0.000421868,,,,,,,,
28/08/2024,0.000110709,0.000687199,,,,,,,,
29/08/2024,0.000110478,2.34112E-05,,,,,,,,
30/08/2024,0.000110748,0.001872849,,,,,,,,
04/09/2024,0.000110594,-0.006285683,,,,,,,,
05/09/2024,0.00011098,-0.005949208,,,,,,,,
06/09/2024,0.000110632,0.004533949,,,,,,,,
09/09/2024,0.000109899,-0.004890263,,,,,,,,
10/09/2024,0.000109899,-0.009860144,,,,,,,,
11/09/2024,0.000109937,-0.001561467,,,,,,,,
12/09/2024,0.000109629,0.002457571,,,,,,,,
13/09/2024,0.000109667,-0.003693238,,,,,,,,
16/09/2024,0.000109551,-0.009946393,,,,,,,,
17/09/2024,0.000108934,0.015888514,,,,,,,,
18/09/2024,0.000109629,0.004726161,,,,,,,,
19/09/2024,0.000109049,0.005035971,,,,,,,,
20/09/2024,0.00010847,0.000605694,,,,,,,,
23/09/2024,0.000108316,-0.002798654,,,,,,,,
24/09/2024,0.000108045,0.006708817,,,,,,,,
25/09/2024,0.000108316,0.00821463,,,,,,,,
26/09/2024,0.000108007,0.003114611,,,,,,,,
27/09/2024,0.000107659,-0.000441351,,,,,,,,
30/09/2024,0.000108354,-0.002308431,,,,,,,,
01/10/2024,0.0001082,0.003307607,,,,,,,,
02/10/2024,0.0001082,-0.003374091,,,,,,,,
03/10/2024,0.000108161,-0.007563051,,,,,,,,
04/10/2024,0.000108354,-0.005868085,,,,,,,,
07/10/2024,0.000108123,-0.00052731,,,,,,,,
08/10/2024,0.000108007,0.001614262,,,,,,,,
09/10/2024,0.000108007,0.007759556,,,,,,,,
10/10/2024,0.000107427,0.003518352,,,,,,,,
11/10/2024,0.00010793,0.001578096,,,,,,,,
14/10/2024,0.000108045,-0.001591133,,,,,,,,
15/10/2024,0.000108007,-0.004089121,,,,,,,,
16/10/2024,0.000107775,-0.001248946,,,,,,,,
17/10/2024,0.000107891,0.005502235,,,,,,,,
18/10/2024,0.000107968,-0.000823928,,,,,,,,
21/10/2024,0.000108277,-0.004426431,,,,,,,,
22/10/2024,0.000109049,-0.007720137,,,,,,,,
23/10/2024,0.000109551,0.000795344,,,,,,,,
24/10/2024,0.000109513,-0.010614525,,,,,,,,
25/10/2024,0.000109436,-0.003729889,,,,,,,,
28/10/2024,0.000109165,0.001636439,,,,,,,,
29/10/2024,0.000109281,0.005586681,,,,,,,,
30/10/2024,0.000109281,-0.002496473,,,,,,,,
31/10/2024,0.000109513,0.004647911,,,,,,,,
01/11/2024,0.000110208,-0.007584145,,,,,,,,
04/11/2024,0.000110323,-0.008112265,,,,,,,,
05/11/2024,0.000110632,0.00084357,,,,,,,,
06/11/2024,0.000110555,0.012458258,,,,,,,,
07/11/2024,0.000111597,-0.001213053,,,,,,,,
08/11/2024,0.00011125,-0.005707482,,,,,,,,
11/11/2024,0.000111558,-0.001788337,,,,,,,,
12/11/2024,0.000111443,-0.004398874,,,,,,,,
13/11/2024,0.000111558,0.000980061,,,,,,,,
14/11/2024,0.000111906,-0.011355976,,,,,,,,
15/11/2024,0.000111867,-0.010812654,,,,,,,,
18/11/2024,0.000111867,-0.001189919,,,,,,,,
19/11/2024,0.000111867,-0.009834692,,,,,,,,
20/11/2024,0.000112176,0.009451106,,,,,,,,
21/11/2024,0.00011233,0.00969142,,,,,,,,
22/11/2024,0.000112291,-0.000187246,,,,,,,,
25/11/2024,0.000112291,0.005374155,,,,,,,,
26/11/2024,0.000111983,0.006017656,,,,,,,,
27/11/2024,0.000112291,-0.000128811,,,,,,,,
28/11/2024,0.00011233,0.000112724,,,,,,,,
29/11/2024,0.000112253,0.006722432,,,,,,,,
02/12/2024,0.000111674,0.000599779,,,,,,,,
03/12/2024,0.000112986,-0.001102932,,,,,,,,
04/12/2024,0.000113757,-0.007537025,,,,,,,,
05/12/2024,0.000113719,0.021863739,,,,,,,,
06/12/2024,0.00011368,0.002059123,,,,,,,,
09/12/2024,0.000113873,0.002913065,,,,,,,,
10/12/2024,0.00011368,-0.001389499,,,,,,,,
11/12/2024,0.000114066,-0.002523446,,,,,,,,
12/12/2024,0.000115492,-0.001190045,,,,,,,,
13/12/2024,0.000115647,-0.00377165,,,,,,,,
16/12/2024,0.000116263,0.000966283,,,,,,,,
17/12/2024,0.000116726,-0.00163793,,,,,,,,
18/12/2024,0.000116918,0.003392195,,,,,,,,
19/12/2024,0.00012154,-0.008949447,,,,,,,,
20/12/2024,0.000121039,0.002255573,,,,,,,,
23/12/2024,0.000120693,0.004182903,,,,,,,,
24/12/2024,0.000121886,-0.001900599,,,,,,,,
25/12/2024,0.000122002,0.010854042,,,,,,,,
26/12/2024,0.000122002,-0.000918339,,,,,,,,
27/12/2024,0.000121501,0.001783371,,,,,,,,
30/12/2024,0.000121694,-0.00244679,,,,,,,,
31/12/2024,0.000121848,-0.004119432,,,,,,,,
02/01/2025,0.000121463,0.002312951,,,,,,,,
03/01/2025,0.000121655,-0.011908231,,,,,,,,
06/01/2025,0.000120847,-0.006567883,,,,,,,,
07/01/2025,0.000120886,0.000481406,,,,,,,,
08/01/2025,0.000121617,0.003263964,,,,,,,,
09/01/2025,0.000120963,-0.004196576,,,,,,,,
10/01/2025,0.000123195,-0.012273534,,,,,,,,
13/01/2025,0.000124579,0.004201612,,,,,,,,
14/01/2025,0.000124656,-0.005325133,,,,,,,,
15/01/2025,0.000125233,0.005784862,,,,,,,,
16/01/2025,0.000124695,0.004999272,,,,,,,,
17/01/2025,0.000124079,0.005433208,,,,,,,,
20/01/2025,0.000123349,0.000352251,,,,,,,,
21/01/2025,0.000123733,-0.002768997,,,,,,,,
22/01/2025,0.000122925,-0.002856936,,,,,,,,
23/01/2025,0.000120963,0.013762243,,,,,,,,
24/01/2025,0.000121424,0.004302851,,,,,,,,
03/02/2025,0.000121925,-0.009501601,,,,,,,,
04/02/2025,0.000121732,0.009297463,,,,,,,,
05/02/2025,0.000121309,0.003898219,,,,,,,,
06/02/2025,0.000122656,0.001472893,,,,,,,,
07/02/2025,0.000122233,0.002925724,,,,,,,,
10/02/2025,0.000124003,-0.009363237,,,,,,,,
11/02/2025,0.000124464,0.004108418,,,,,,,,
12/02/2025,0.000125464,-0.00121408,,,,,,,,
13/02/2025,0.000126195,0.002715268,,,,,,,,
14/02/2025,0.000125618,0.004510568,,,,,,,,
17/02/2025,0.000125925,-0.002633064,,,,,,,,
18/02/2025,0.000125925,0.004258596,,,,,,,,
19/02/2025,0.000125964,0.008152472,,,,,,,,
20/02/2025,0.000125618,0.003430186,,,,,,,,
21/02/2025,0.000125464,0.002915745,,,,,,,,
24/02/2025,0.000126195,0.006022749,,,,,,,,
25/02/2025,0.000125502,-0.001073159,,,,,,,,
26/02/2025,0.000125656,-0.000153473,,,,,,,,
27/02/2025,0.000123733,0.003714619,,,,,,,,
28/02/2025,0.000124195,-0.001865729,,,,,,,,
03/03/2025,0.000124579,0.00307195,,,,,,,,
04/03/2025,0.000124195,0.001939864,,,,,,,,
05/03/2025,0.000121925,-0.005488181,,,,,,,,
06/03/2025,0.00012,0.010354791,,,,,,,,
07/03/2025,0.000119884,0.005939828,,,,,,,,
10/03/2025,0.000119769,0.003189925,,,,,,,,
11/03/2025,0.00012,0.00169889,,,,,,,,
12/03/2025,0.000119923,0.001403335,,,,,,,,
13/03/2025,0.000119114,-0.006100074,,,,,,,,
14/03/2025,0.000120038,-9.04793E-05,,,,,,,,
17/03/2025,0.000119422,0.007623572,,,,,,,,
18/03/2025,0.000119615,-0.00395881,,,,,,,,
19/03/2025,0.000119846,-0.004763443,,,,,,,,
20/03/2025,0.000119422,-0.000528449,,,,,,,,
21/03/2025,0.000119345,-0.00154842,,,,,,,,
24/03/2025,0.000119961,0.006384846,,,,,,,,
25/03/2025,0.000120347,0.001202718,,,,,,,,
26/03/2025,0.000120501,-0.00437714,,,,,,,,
27/03/2025,0.000120501,-0.00171934,,,,,,,,
28/03/2025,0.000119846,-0.004796761,,,,,,,,
31/03/2025,0.000119576,-0.008045785,,,,,,,,
01/04/2025,0.000119807,0.00801157,,,,,,,,
02/04/2025,0.000119923,0.000379556,,,,,,,,
03/04/2025,0.000123195,-0.066768855,,,,,,,,
04/04/2025,0.000121925,-0.015587393,,,,,,,,
08/04/2025,0.000123156,-0.064328017,,,,,,,,
09/04/2025,0.000123041,-0.033978054,,,,,,,,
10/04/2025,0.000122464,0.067659691,,,,,,,,
11/04/2025,0.000122887,0.046322132,,,,,,,,
14/04/2025,0.000122925,0.01552607,,,,,,,,
15/04/2025,0.000122887,-0.010995296,,,,,,,,
16/04/2025,0.000122156,-0.014245107,,,,,,,,
17/04/2025,0.000122694,0.005742378,,,,,,,,
18/04/2025,0.00012281,0.00153625,,,,,,,,
21/04/2025,0.00012331,-0.009884179,,,,,,,,
22/04/2025,0.000122925,-0.008234817,,,,,,,,
23/04/2025,0.000123041,0.011586043,,,,,,,,
24/04/2025,0.000124387,0.010198183,,,,,,,,
25/04/2025,0.000124118,0.004806474,,,,,,,,
28/04/2025,0.000124849,-0.001976847,,,,,,,,
29/04/2025,0.000124849,-0.000407564,,,,,,,,
05/05/2025,0.000125426,0.011212591,,,,,,,,
06/05/2025,0.000125156,0.001532196,,,,,,,,
07/05/2025,0.000124733,0.006779661,,,,,,,,
08/05/2025,0.000125387,0.0155394,,,,,,,,
09/05/2025,0.000125349,-0.001968814,,,,,,,,
12/05/2025,0.000124349,0.012593703,,,,,,,,
13/05/2025,0.000123964,0.007925128,,,,,,,,
14/05/2025,0.000124349,0.012602151,,,,,,,,
15/05/2025,0.000123733,0.002649401,,,,,,,,
16/05/2025,0.000123926,-0.008993299,,,,,,,,
19/05/2025,0.000124464,-0.003918887,,,,,,,,
20/05/2025,0.000124079,0.014549214,,,,,,,,
21/05/2025,0.000124233,0.006006919,,,,,,,,
22/05/2025,0.000124464,-0.006961188,,,,,,,,
23/05/2025,0.000124003,0.000471899,,,,,,,,
26/05/2025,0.000124887,0.013731875,,,,,,,,
27/05/2025,0.000125118,0.005478383,,,,,,,,
28/05/2025,0.000124887,0.001537531,,,,,,,,
29/05/2025,0.00012531,-7.45229E-06,,,,,,,,
30/05/2025,0.000125772,-0.006900869,,,,,,,,
02/06/2025,0.00012631,0.002776527,,,,,,,,
03/06/2025,0.000126348,0.008194268,,,,,,,,
04/06/2025,0.000126733,-0.001120802,,,,,,,,
05/06/2025,0.000127271,-0.002712262,,,,,,,,
06/06/2025,0.000127002,-0.009090299,,,,,,,,
09/06/2025,0.000127425,-0.014527517,,,,,,,,
10/06/2025,0.000127655,0.004318732,,,,,,,,
11/06/2025,0.000127617,-0.000782538,,,,,,,,
12/06/2025,0.000127732,0.005923054,,,,,,,,
13/06/2025,0.000127694,-0.005668977,,,,,,,,
16/06/2025,0.000127847,0.017195114,,,,,,,,
17/06/2025,0.000127963,0.007159352,,,,,,,,
18/06/2025,0.00012827,-0.000638129,,,,,,,,
19/06/2025,0.000128462,0.003868343,,,,,,,,
20/06/2025,0.000129115,-0.001989586,,,,,,,,
23/06/2025,0.000129423,0.006543892,,,,,,,,
24/06/2025,0.00012973,0.00632464,,,,,,,,
25/06/2025,0.000129231,-1.4633E-05,,,,,,,,
26/06/2025,0.000129038,-0.000790196,,,,,,,,
27/06/2025,0.00012973,0.004225032,,,,,,,,
30/06/2025,0.000130191,0.003376014,,,,,,,,
01/07/2025,0.000129499,0.001286272,,,,,,,,
02/07/2025,0.00013046,0.004898972,,,,,,,,
03/07/2025,0.000130498,-0.001899479,,,,,,,,
04/07/2025,0.000130536,0.003625286,,,,,,,,
07/07/2025,0.00013046,0.010879832,,,,,,,,
08/07/2025,0.000130498,0.009557366,,,,,,,,
09/07/2025,0.00013046,0.011204838,,,,,,,,
10/07/2025,0.000130498,0.010004751,,,,,,,,
11/07/2025,0.000130844,0.00838383,,,,,,,,
14/07/2025,0.000130767,0.008684557,,,,,,,,
15/07/2025,0.000130844,-0.00664436,,,,,,,,
16/07/2025,0.000131112,0.010146168,,,,,,,,
17/07/2025,0.000132763,0.009854487,,,,,,,,
18/07/2025,0.00013261,0.004879162,,,,,,,,
21/07/2025,0.000132686,-0.008168145,,,,,,,,
22/07/2025,0.000132763,0.016491027,,,,,,,,
23/07/2025,0.000133799,0.001834996,,,,,,,,
24/07/2025,0.000134183,0.005759401,,,,,,,,
25/07/2025,0.000133991,0.006646855,,,,,,,,
28/07/2025,0.000133761,0.017170325,,,,,,,,
29/07/2025,0.000133761,-0.041100024,,,,,,,,
30/07/2025,0.00013426,0.009521833,,,,,,,,
31/07/2025,0.000134528,-0.003389426,,,,,,,,
01/08/2025,0.000135066,-0.00486516,,,,,,,,
04/08/2025,0.000135066,0.022057102,,,,,,,,
05/08/2025,0.000135066,0.012406834,,,,,,,,
06/08/2025,0.000135334,0.017167049,,,,,,,,
07/08/2025,0.000136638,0.005147073,,,,,,,,
08/08/2025,0.000136216,0.001985068,,,,,,,,
11/08/2025,0.00013637,0.007514433,,,,,,,,
12/08/2025,0.000136408,0.007113961,,,,,,,,
13/08/2025,0.000136638,0.002101703,,,,,,,,
14/08/2025,0.000138478,0.018050385,,,,,,,,
15/08/2025,0.000138823,-0.006515551,,,,,,,,
18/08/2025,0.000138631,0.003907975,,,,,,,,
19/08/2025,0.000138938,0.010896069,,,,,,,,
20/08/2025,0.000138861,0.006141942,,,,,,,,
21/08/2025,0.000141083,0.014203658,,,,,,,,
22/08/2025,0.000143113,-0.025195498,,,,,,,,
25/08/2025,0.000143266,-0.019107003,,,,,,,,
26/08/2025,0.000143764,0.0332088,,,,,,,,
27/08/2025,0.000143802,0.003088215,,,,,,,,
28/08/2025,0.000143611,0.004830283,,,,,,,,
29/08/2025,0.000143764,0.00080316,,,,,,,,
03/09/2025,0.000143917,-0.000540955,,,,,,,,
04/09/2025,0.000143917,0.00891572,,,,,,,,
05/09/2025,0.000142807,-0.01728478,,,,,,,,
08/09/2025,0.000142807,-0.025459366,,,,,,,,
09/09/2025,0.000143036,0.007873046,,,,,,,,
10/09/2025,0.000143419,0.00362788,,,,,,,,
11/09/2025,0.000143764,0.008817838,,,,,,,,
12/09/2025,0.000143993,0.005736691,,,,,,,,
15/09/2025,0.000143802,0.010580233,,,,,,,,
16/09/2025,0.000143802,-0.002374028,,,,,,,,
17/09/2025,0.000143764,-0.00590755,,,,,,,,
18/09/2025,0.00014407,-0.003465053,,,,,,,,
19/09/2025,0.000144338,-0.003939514,,,,,,,,
22/09/2025,0.000144453,-0.014572355,,,,,,,,
23/09/2025,0.000144453,0.00049558,,,,,,,,
24/09/2025,0.000144453,0.013575823,,,,,,,,
25/09/2025,0.000146098,0.005206762,,,,,,,,
26/09/2025,0.000146442,-0.003235119,,,,,,,,
29/09/2025,0.000146519,0.00348046,,,,,,,,
30/09/2025,0.000146519,-0.002868321,,,,,,,,
01/10/2025,0.000146519,0.002016008,,,,,,,,
,,,,,,,,,,
