time,DBD,HPG,VNM,ACB,,,,,,,,,,,,,,
6/2/2022,33.08,19.01,56.63,14.86,,,,,,,,,,,,,,
6/3/2022,33.03,19.15,55.99,14.83,,,,,,,,,,,,,,
6/6/2022,32.69,19.09,56.39,14.83,,,,,,,,,,,,,,
6/7/2022,33.48,19.03,56.23,14.63,,,,,,,,,,,,,,
6/8/2022,33.76,18.86,56.55,15.07,,,,,,,,,,,,,,
6/9/2022,34.44,19.38,55.92,15.1,,,,,,,,,,,,,,
6/10/2022,34.22,19.26,55.36,14.77,,,,,,,,,,,,,,
6/13/2022,33.27,18.23,52.89,14.01,,,,,,,,,,,,,,
6/14/2022,31.51,17.37,52.65,14.13,,,,,,,,,,,,,,
6/15/2022,31.87,16.86,51.38,13.84,,,,,,,,,,,,,,
6/16/2022,30.96,17.77,54.16,14.13,,,,,,,,,,,,,,
6/17/2022,29.53,17.58,53.13,13.54,,,,,,,,,,,,,,
6/20/2022,29.38,16.36,54.96,13.42,,,,,,,,,,,,,,
6/21/2022,30.52,15.76,58.7,13.48,,,,,,,,,,,,,,
6/22/2022,29.97,16.29,56.23,13.92,,,,,,,,,,,,,,
6/23/2022,30.55,16.51,56.31,13.92,,,,,,,,,,,,,,
6/24/2022,30.52,16.51,56.95,13.95,,,,,,,,,,,,,,
6/27/2022,30.52,17.35,56.63,14.04,,,,,,,,,,,,,,
6/28/2022,30.63,17.04,56.39,14.36,,,,,,,,,,,,,,
6/29/2022,30.41,17.23,57.59,14.19,,,,,,,,,,,,,,
6/30/2022,30.33,16.89,57.51,14.07,,,,,,,,,,,,,,
7/1/2022,30.19,16.97,58.7,14.1,,,,,,,,,,,,,,
7/4/2022,29.86,16.67,59.82,14.22,,,,,,,,,,,,,,
7/5/2022,30.52,16.59,58.23,14.33,,,,,,,,,,,,,,
7/6/2022,30.3,16.25,58.27,14.19,,,,,,,,,,,,,,
7/7/2022,30.04,16.48,60.16,14.16,,,,,,,,,,,,,,
7/8/2022,30.41,17.01,60.16,14.07,,,,,,,,,,,,,,
7/11/2022,30.66,16.7,60.16,13.78,,,,,,,,,,,,,,
7/12/2022,30.59,16.89,60.41,14.07,,,,,,,,,,,,,,
7/13/2022,30.55,16.89,59.75,14.07,,,,,,,,,,,,,,
7/14/2022,30.52,16.82,59.67,14.1,,,,,,,,,,,,,,
7/15/2022,30.41,17.58,59.01,14.07,,,,,,,,,,,,,,
7/18/2022,30.37,17.12,59.09,14.01,,,,,,,,,,,,,,
7/19/2022,30.33,16.78,60,14.01,,,,,,,,,,,,,,
7/20/2022,30.26,16.93,60.16,14.25,,,,,,,,,,,,,,
7/21/2022,30.15,17.2,60.33,14.45,,,,,,,,,,,,,,
7/22/2022,30.33,16.82,59.34,14.27,,,,,,,,,,,,,,
7/25/2022,30.11,16.59,60.08,14.1,,,,,,,,,,,,,,
7/26/2022,29.97,16.4,59.34,14.1,,,,,,,,,,,,,,
7/27/2022,30.19,16.1,59.5,14.19,,,,,,,,,,,,,,
7/28/2022,30.04,16.21,59.83,14.33,,,,,,,,,,,,,,
7/29/2022,30,16.29,60,14.42,,,,,,,,,,,,,,
8/1/2022,30.04,17.27,60.57,14.66,,,,,,,,,,,,,,
8/2/2022,30.04,17.35,60.49,14.6,,,,,,,,,,,,,,
8/3/2022,30.04,17.99,60.49,14.63,,,,,,,,,,,,,,
8/4/2022,30.04,17.92,60.41,14.66,,,,,,,,,,,,,,
8/5/2022,29.89,17.65,59.83,14.57,,,,,,,,,,,,,,
8/8/2022,30.08,17.88,59.5,14.51,,,,,,,,,,,,,,
8/9/2022,30.11,18.26,59.34,14.63,,,,,,,,,,,,,,
8/10/2022,30.04,18.03,59.75,14.57,,,,,,,,,,,,,,
8/11/2022,30.15,17.73,58.6,14.51,,,,,,,,,,,,,,
8/12/2022,30,18.14,59.25,14.54,,,,,,,,,,,,,,
8/15/2022,30.15,18.18,58.92,14.63,,,,,,,,,,,,,,
8/16/2022,30.41,18.6,59.17,14.57,,,,,,,,,,,,,,
8/17/2022,31.54,18.41,59.83,14.63,,,,,,,,,,,,,,
8/18/2022,31.47,18.29,60.49,14.74,,,,,,,,,,,,,,
8/19/2022,31.51,17.99,61.07,14.57,,,,,,,,,,,,,,
8/22/2022,31.03,17.69,60.74,14.45,,,,,,,,,,,,,,
8/23/2022,31.14,17.92,62.47,14.54,,,,,,,,,,,,,,
8/24/2022,31.51,17.8,64.03,14.57,,,,,,,,,,,,,,
8/25/2022,31.43,18.07,64.2,14.66,,,,,,,,,,,,,,
8/26/2022,31.43,17.8,63.37,14.54,,,,,,,,,,,,,,
8/29/2022,30.96,17.42,62.22,14.39,,,,,,,,,,,,,,
8/30/2022,30.74,17.46,62.63,14.39,,,,,,,,,,,,,,
8/31/2022,30.77,17.42,62.22,14.45,,,,,,,,,,,,,,
9/5/2022,30.77,18.11,63.87,14.36,,,,,,,,,,,,,,
9/6/2022,30.77,17.84,64.12,14.45,,,,,,,,,,,,,,
9/7/2022,30.7,17.42,62.39,14.25,,,,,,,,,,,,,,
9/8/2022,30.77,17.5,62.39,14.07,,,,,,,,,,,,,,
9/9/2022,30.77,18.03,62.55,14.07,,,,,,,,,,,,,,
9/12/2022,31.4,18.03,62.06,13.92,,,,,,,,,,,,,,
9/13/2022,31.51,17.95,62.39,13.95,,,,,,,,,,,,,,
9/14/2022,30.92,17.95,60.98,13.78,,,,,,,,,,,,,,
9/15/2022,31.14,17.88,61.4,13.81,,,,,,,,,,,,,,
9/16/2022,30.81,17.42,62.63,13.57,,,,,,,,,,,,,,
9/19/2022,30.63,17.16,61.97,13.4,,,,,,,,,,,,,,
9/20/2022,30.77,17.42,62.47,13.42,,,,,,,,,,,,,,
9/21/2022,30.74,17.35,63.37,13.25,,,,,,,,,,,,,,
9/22/2022,31.03,17.42,63.37,13.37,,,,,,,,,,,,,,
9/23/2022,31.14,17.2,63.21,13.25,,,,,,,,,,,,,,
9/26/2022,30.92,16.97,60.98,13.01,,,,,,,,,,,,,,
9/27/2022,31.14,16.97,59.67,13.13,,,,,,,,,,,,,,
9/28/2022,30.19,16.51,59.17,12.9,,,,,,,,,,,,,,
9/29/2022,31.1,16.4,59.91,12.9,,,,,,,,,,,,,,
9/30/2022,30.74,16.06,59.58,13.01,,,,,,,,,,,,,,
10/3/2022,29.53,14.96,58.51,12.66,,,,,,,,,,,,,,
10/4/2022,29.53,14.28,58.43,12.31,,,,,,,,,,,,,,
10/5/2022,30.37,14.55,59.01,12.19,,,,,,,,,,,,,,
10/6/2022,29.67,13.64,57.69,11.72,,,,,,,,,,,,,,
10/7/2022,28.94,13.33,57.52,10.93,,,,,,,,,,,,,,
10/10/2022,28.94,13.9,58.1,10.96,,,,,,,,,,,,,,
10/11/2022,29.31,13.26,57.85,10.26,,,,,,,,,,,,,,
10/12/2022,29.16,14.17,59.01,10.96,,,,,,,,,,,,,,
10/13/2022,28.87,14.77,60.82,11.7,,,,,,,,,,,,,,
10/14/2022,29.75,14.73,60.98,12.22,,,,,,,,,,,,,,
10/17/2022,29.02,14.58,61.07,12.28,,,,,,,,,,,,,,
10/18/2022,29.27,14.28,63.05,12.55,,,,,,,,,,,,,,
10/19/2022,29.24,13.94,63.13,12.37,,,,,,,,,,,,,,
10/20/2022,29.24,13.71,63.87,12.52,,,,,,,,,,,,,,
10/21/2022,28.91,12.8,63.46,11.96,,,,,,,,,,,,,,
10/24/2022,28.43,12.42,60.98,11.43,,,,,,,,,,,,,,
10/25/2022,28.36,12.95,62.63,11.96,,,,,,,,,,,,,,
10/26/2022,28.36,12.8,62.63,12.11,,,,,,,,,,,,,,
10/27/2022,28.36,13.18,64.69,12.93,,,,,,,,,,,,,,
10/28/2022,28.5,12.73,64.28,13.07,,,,,,,,,,,,,,
10/31/2022,28.47,11.86,64.69,13.13,,,,,,,,,,,,,,
11/1/2022,28.47,11.36,66.09,13.16,,,,,,,,,,,,,,
11/2/2022,28.43,11.63,64.53,12.78,,,,,,,,,,,,,,
11/3/2022,28.39,11.51,65.93,12.52,,,,,,,,,,,,,,
11/4/2022,28.28,11.1,65.93,11.81,,,,,,,,,,,,,,
11/7/2022,27.84,10.38,67.74,12.11,,,,,,,,,,,,,,
11/8/2022,27.55,9.96,67.91,12.49,,,,,,,,,,,,,,
11/9/2022,27.59,9.85,66.67,12.16,,,,,,,,,,,,,,
11/10/2022,27.15,9.17,64.61,11.72,,,,,,,,,,,,,,
11/11/2022,26.74,9.32,64.61,12.19,,,,,,,,,,,,,,
11/14/2022,26.74,9.24,65.11,11.9,,,,,,,,,,,,,,
11/15/2022,26.74,9.47,63.46,11.2,,,,,,,,,,,,,,
11/16/2022,26.6,10.11,61.4,11.96,,,,,,,,,,,,,,
11/17/2022,26.82,10.8,62.63,12.34,,,,,,,,,,,,,,
11/18/2022,26.67,11.44,63.46,12.4,,,,,,,,,,,,,,
11/21/2022,26.74,11.33,64.2,12.08,,,,,,,,,,,,,,
11/22/2022,26.74,11.21,65.52,11.93,,,,,,,,,,,,,,
11/23/2022,26.71,10.45,65.44,12.11,,,,,,,,,,,,,,
11/24/2022,26.67,10.87,66.92,12.31,,,,,,,,,,,,,,
11/25/2022,26.6,11.59,67.74,12.6,,,,,,,,,,,,,,
11/28/2022,26.82,12.39,67.33,13.04,,,,,,,,,,,,,,
11/29/2022,26.6,13.18,68.4,12.98,,,,,,,,,,,,,,
11/30/2022,26.6,13.94,68.24,12.96,,,,,,,,,,,,,,
12/1/2022,26.74,13.79,67.91,13.19,,,,,,,,,,,,,,
12/2/2022,26.63,14.73,69.23,13.78,,,,,,,,,,,,,,
12/5/2022,27.11,15.15,70.05,13.84,,,,,,,,,,,,,,
12/6/2022,26.89,14.09,67.99,13.07,,,,,,,,,,,,,,
12/7/2022,26.74,13.83,67.99,13.07,,,,,,,,,,,,,,
12/8/2022,26.38,14.32,66.75,13.28,,,,,,,,,,,,,,
12/9/2022,26.3,14.55,65.93,13.51,,,,,,,,,,,,,,
12/12/2022,26.63,14.09,64.69,13.19,,,,,,,,,,,,,,
12/13/2022,26.63,14.39,64.28,13.51,,,,,,,,,,,,,,
12/14/2022,26.67,14.55,63.87,13.57,,,,,,,,,,,,,,
12/15/2022,26.67,14.66,63.95,13.6,,,,,,,,,,,,,,
12/16/2022,27.59,15.45,64.28,13.48,,,,,,,,,,,,,,
12/19/2022,27.7,15.15,63.46,13.34,,,,,,,,,,,,,,
12/20/2022,27.62,14.39,64.86,13.22,,,,,,,,,,,,,,
12/21/2022,27.81,14.32,65.68,13.37,,,,,,,,,,,,,,
12/22/2022,28.25,14.32,64.59,13.42,,,,,,,,,,,,,,
12/23/2022,28.5,13.9,63.92,13.42,,,,,,,,,,,,,,
12/26/2022,28.94,12.95,63.76,12.96,,,,,,,,,,,,,,
12/27/2022,28.98,13.83,64.26,12.96,,,,,,,,,,,,,,
12/28/2022,28.83,13.79,64.59,12.9,,,,,,,,,,,,,,
12/29/2022,28.91,13.64,64.59,12.9,,,,,,,,,,,,,,
12/30/2022,28.91,13.64,63.84,12.84,,,,,,,,,,,,,,
1/3/2023,28.87,14.58,65.85,13.31,,,,,,,,,,,,,,
1/4/2023,28.65,14.7,66.52,13.28,,,,,,,,,,,,,,
1/5/2023,28.36,15,68.12,13.4,,,,,,,,,,,,,,
1/6/2023,28.94,14.7,66.94,13.57,,,,,,,,,,,,,,
1/9/2023,29.16,14.85,67.7,13.54,,,,,,,,,,,,,,
1/10/2023,29.46,15,67.95,13.75,,,,,,,,,,,,,,
1/11/2023,29.46,15.3,66.61,14.19,,,,,,,,,,,,,,
1/12/2023,28.94,15.19,67.11,14.36,,,,,,,,,,,,,,
1/13/2023,29.27,15.11,67.61,14.16,,,,,,,,,,,,,,
1/16/2023,28.91,15.34,66.61,14.66,,,,,,,,,,,,,,
1/17/2023,27.95,16.4,67.87,14.83,,,,,,,,,,,,,,
1/18/2023,28.54,16.44,68.2,14.95,,,,,,,,,,,,,,
1/19/2023,29.24,16.02,68.2,15.24,,,,,,,,,,,,,,
1/27/2023,28.58,16.29,67.11,15.45,,,,,,,,,,,,,,
1/30/2023,28.58,16.48,66.61,14.89,,,,,,,,,,,,,,
1/31/2023,29.67,16.74,64.68,15.27,,,,,,,,,,,,,,
2/1/2023,29.64,15.98,64.76,14.77,,,,,,,,,,,,,,
2/2/2023,30.04,16.14,64.34,14.66,,,,,,,,,,,,,,
2/3/2023,30.04,15.98,63.76,14.36,,,,,,,,,,,,,,
2/6/2023,30.04,16.02,64.93,14.6,,,,,,,,,,,,,,
2/7/2023,30.63,14.96,63.84,14.42,,,,,,,,,,,,,,
2/8/2023,30.48,15.79,63.59,14.45,,,,,,,,,,,,,,
2/9/2023,30.77,15.61,62.92,14.36,,,,,,,,,,,,,,
2/10/2023,30.92,15.53,63.67,14.19,,,,,,,,,,,,,,
2/13/2023,30.99,15.3,63.17,14.01,,,,,,,,,,,,,,
2/14/2023,30.88,15.61,62.66,13.98,,,,,,,,,,,,,,
2/15/2023,31.07,15.76,63.76,14.39,,,,,,,,,,,,,,
2/16/2023,31.07,16.14,64.17,14.54,,,,,,,,,,,,,,
2/17/2023,31.14,15.91,63.76,14.54,,,,,,,,,,,,,,
2/20/2023,30.92,16.59,65.01,15.12,,,,,,,,,,,,,,
2/21/2023,30.92,16.36,64.76,14.95,,,,,,,,,,,,,,
2/22/2023,31.51,16.06,63.34,14.57,,,,,,,,,,,,,,
2/23/2023,31.4,16.29,63.5,14.89,,,,,,,,,,,,,,
2/24/2023,30.77,15.76,62.66,14.42,,,,,,,,,,,,,,
2/27/2023,30.74,15.23,63.08,14.22,,,,,,,,,,,,,,
2/28/2023,30.92,15.15,63.34,14.3,,,,,,,,,,,,,,
3/1/2023,30.92,15.83,64.51,14.74,,,,,,,,,,,,,,
3/2/2023,30.7,15.61,64.17,14.69,,,,,,,,,,,,,,
3/3/2023,30.63,15.42,63.76,14.36,,,,,,,,,,,,,,
3/6/2023,28.65,15.45,62.92,14.25,,,,,,,,,,,,,,
3/7/2023,30.11,15.98,63.59,14.36,,,,,,,,,,,,,,
3/8/2023,30.08,16.06,64.17,14.66,,,,,,,,,,,,,,
3/9/2023,29.75,16.06,64.17,14.86,,,,,,,,,,,,,,
3/10/2023,29.64,16.14,64.51,14.6,,,,,,,,,,,,,,
3/13/2023,29.93,15.98,64.51,14.36,,,,,,,,,,,,,,
3/14/2023,29.6,15.38,64.26,14.1,,,,,,,,,,,,,,
3/15/2023,29.6,16.14,64.68,14.54,,,,,,,,,,,,,,
3/16/2023,29.6,15.79,64.09,14.3,,,,,,,,,,,,,,
3/17/2023,29.67,15.45,62.5,14.27,,,,,,,,,,,,,,
3/20/2023,29.53,15.15,62.33,14.07,,,,,,,,,,,,,,
3/21/2023,29.2,15.49,62.41,14.19,,,,,,,,,,,,,,
3/22/2023,29.55,15.38,62.41,14.16,,,,,,,,,,,,,,
3/23/2023,29.55,15.45,63.17,14.36,,,,,,,,,,,,,,
3/24/2023,29.62,15.45,62.92,14.39,,,,,,,,,,,,,,
3/27/2023,29.55,15.76,62.58,14.33,,,,,,,,,,,,,,
3/28/2023,29.58,15.68,62.41,14.33,,,,,,,,,,,,,,
3/29/2023,29.58,15.76,62.83,14.3,,,,,,,,,,,,,,
3/30/2023,29.51,15.76,62.92,14.42,,,,,,,,,,,,,,
3/31/2023,29.55,15.76,62.41,14.66,,,,,,,,,,,,,,
4/3/2023,29.93,15.91,62.41,14.8,,,,,,,,,,,,,,
4/4/2023,30.09,15.98,62.25,14.74,,,,,,,,,,,,,,
4/5/2023,30.24,16.29,62.5,14.83,,,,,,,,,,,,,,
4/6/2023,30.16,16.29,62.33,14.6,,,,,,,,,,,,,,
4/7/2023,30.01,16.06,62.66,14.69,,,,,,,,,,,,,,
4/10/2023,30.32,15.68,62.41,14.66,,,,,,,,,,,,,,
4/11/2023,30.24,15.76,62.41,14.63,,,,,,,,,,,,,,
4/12/2023,30.39,15.72,62.33,14.57,,,,,,,,,,,,,,
4/13/2023,31.24,15.49,61.66,14.63,,,,,,,,,,,,,,
4/14/2023,31.55,15.64,61.07,14.63,,,,,,,,,,,,,,
4/17/2023,31.47,15.79,60.15,14.66,,,,,,,,,,,,,,
4/18/2023,31.4,15.87,61.24,14.51,,,,,,,,,,,,,,
4/19/2023,31.32,15.76,60.4,14.3,,,,,,,,,,,,,,
4/20/2023,31.4,15.76,60.32,14.22,,,,,,,,,,,,,,
4/21/2023,32.01,15.68,59.48,14.22,,,,,,,,,,,,,,
4/24/2023,33.36,15.64,59.14,14.19,,,,,,,,,,,,,,
4/25/2023,33.17,15.95,58.64,14.16,,,,,,,,,,,,,,
4/26/2023,33.17,16.67,59.56,14.16,,,,,,,,,,,,,,
4/27/2023,33.25,16.44,58.3,14.16,,,,,,,,,,,,,,
4/28/2023,33.33,16.4,58.72,14.19,,,,,,,,,,,,,,
5/4/2023,35.41,16.14,57.55,14.48,,,,,,,,,,,,,,
5/5/2023,34.33,16.25,57.72,14.45,,,,,,,,,,,,,,
5/8/2023,34.6,16.36,59.06,14.63,,,,,,,,,,,,,,
5/9/2023,33.87,16.51,59.31,14.6,,,,,,,,,,,,,,
5/10/2023,33.94,16.44,59.14,14.6,,,,,,,,,,,,,,
5/11/2023,34.1,16.48,58.72,14.6,,,,,,,,,,,,,,
5/12/2023,33.87,16.93,58.39,14.66,,,,,,,,,,,,,,
5/15/2023,34.29,16.74,57.88,14.66,,,,,,,,,,,,,,
5/16/2023,34.1,16.67,58.47,14.66,,,,,,,,,,,,,,
5/17/2023,34.25,16.51,57.88,14.6,,,,,,,,,,,,,,
5/18/2023,34.14,16.63,58.05,14.66,,,,,,,,,,,,,,
5/19/2023,34.64,16.51,57.55,14.63,,,,,,,,,,,,,,
5/22/2023,34.56,16.59,57.21,14.69,,,,,,,,,,,,,,
5/23/2023,34.41,16.44,56.21,14.86,,,,,,,,,,,,,,
5/24/2023,34.56,16.14,55.62,14.74,,,,,,,,,,,,,,
5/25/2023,35.49,16.06,56.29,14.71,,,,,,,,,,,,,,
5/26/2023,35.56,15.98,56.29,14.66,,,,,,,,,,,,,,
5/29/2023,35.56,16.25,56.29,14.74,,,,,,,,,,,,,,
5/30/2023,35.56,16.17,55.79,14.77,,,,,,,,,,,,,,
5/31/2023,35.49,16.06,55.45,14.89,,,,,,,,,,,,,,
6/1/2023,34.06,16.21,55.45,15.02,,,,,,,,,,,,,,
6/2/2023,35.33,16.36,55.28,15.3,,,,,,,,,,,,,,
6/5/2023,35.06,16.4,55.79,15.26,,,,,,,,,,,,,,
6/6/2023,34.87,16.48,55.7,15.3,,,,,,,,,,,,,,
6/7/2023,35.02,17.12,55.53,15.33,,,,,,,,,,,,,,
6/8/2023,34.71,17.27,54.95,15.16,,,,,,,,,,,,,,
6/9/2023,37.14,17.35,55.2,15.12,,,,,,,,,,,,,,
6/12/2023,38.19,17.39,56.96,15.05,,,,,,,,,,,,,,
6/13/2023,37.8,17.73,56.71,15.16,,,,,,,,,,,,,,
6/14/2023,37.57,17.5,56.29,15.19,,,,,,,,,,,,,,
6/15/2023,37.03,17.54,55.62,15.23,,,,,,,,,,,,,,
6/16/2023,38.15,17.76,55.45,15.3,,,,,,,,,,,,,,
6/19/2023,38.11,17.69,55.2,15.19,,,,,,,,,,,,,,
6/20/2023,38.57,17.92,54.95,15.19,,,,,,,,,,,,,,
6/21/2023,38.34,18.64,55.62,15.23,,,,,,,,,,,,,,
6/22/2023,38.03,18.83,56.12,15.19,,,,,,,,,,,,,,
6/23/2023,38.19,19.24,57.97,15.37,,,,,,,,,,,,,,
6/26/2023,39.11,19.09,59.23,15.62,,,,,,,,,,,,,,
6/27/2023,39.19,19.54,59.14,15.58,,,,,,,,,,,,,,
6/28/2023,39.11,20.15,59.23,15.65,,,,,,,,,,,,,,
6/29/2023,39.11,19.54,60.32,15.37,,,,,,,,,,,,,,
6/30/2023,38.38,19.81,59.56,15.48,,,,,,,,,,,,,,
7/3/2023,38.73,19.85,59.31,15.48,,,,,,,,,,,,,,
7/4/2023,38.8,19.89,59.23,15.44,,,,,,,,,,,,,,
7/5/2023,38.65,20.42,58.55,15.4,,,,,,,,,,,,,,
7/6/2023,39.81,20.45,59.14,15.23,,,,,,,,,,,,,,
7/7/2023,39.42,20.79,59.48,15.23,,,,,,,,,,,,,,
7/10/2023,40.58,20.98,60.48,15.4,,,,,,,,,,,,,,
7/11/2023,40.11,20.68,61.07,15.44,,,,,,,,,,,,,,
7/12/2023,40.35,20.45,61.66,15.33,,,,,,,,,,,,,,
7/13/2023,39.57,20.49,61.32,15.44,,,,,,,,,,,,,,
7/14/2023,39.65,20.83,61.49,15.44,,,,,,,,,,,,,,
7/17/2023,40.04,20.68,60.65,15.44,,,,,,,,,,,,,,
7/18/2023,40.27,20.61,60.74,15.44,,,,,,,,,,,,,,
7/19/2023,40.81,20.76,60.9,15.44,,,,,,,,,,,,,,
7/20/2023,42.12,21.36,60.9,15.44,,,,,,,,,,,,,,
7/21/2023,40.89,21.51,61.66,15.51,,,,,,,,,,,,,,
7/24/2023,41.66,21.4,61.74,15.48,,,,,,,,,,,,,,
7/25/2023,41.66,21.4,62.5,15.65,,,,,,,,,,,,,,
7/26/2023,41.19,21.51,62.92,15.65,,,,,,,,,,,,,,
7/27/2023,40.19,21.51,63.5,15.55,,,,,,,,,,,,,,
7/28/2023,40.73,21.44,64.93,15.58,,,,,,,,,,,,,,
7/31/2023,40.58,21.36,65.43,16.11,,,,,,,,,,,,,,
8/1/2023,39.03,20.83,63.76,16.04,,,,,,,,,,,,,,
8/2/2023,39.11,20.83,63.84,16.21,,,,,,,,,,,,,,
8/3/2023,38.88,20.34,62.93,16.46,,,,,,,,,,,,,,
8/4/2023,39.34,20.72,63.28,17.12,,,,,,,,,,,,,,
8/7/2023,39.34,20.87,64.92,16.67,,,,,,,,,,,,,,
8/8/2023,38.8,20.61,64.58,16.42,,,,,,,,,,,,,,
8/9/2023,39.27,21.06,63.36,16.28,,,,,,,,,,,,,,
8/10/2023,39.11,20.72,63.36,16.07,,,,,,,,,,,,,,
8/11/2023,39.11,20.98,63.71,16.07,,,,,,,,,,,,,,
8/14/2023,38.8,21.33,63.62,16.18,,,,,,,,,,,,,,
8/15/2023,40.11,21.17,63.1,16.04,,,,,,,,,,,,,,
8/16/2023,39.81,21.17,63.36,16.07,,,,,,,,,,,,,,
8/17/2023,40.35,21.29,63.8,15.93,,,,,,,,,,,,,,
8/18/2023,39.88,20.08,63.54,15.37,,,,,,,,,,,,,,
8/21/2023,39.11,19.85,63.19,15.44,,,,,,,,,,,,,,
8/22/2023,39.27,19.81,63.02,15.48,,,,,,,,,,,,,,
8/23/2023,39.34,19.43,63.71,15.33,,,,,,,,,,,,,,
8/24/2023,39.5,19.92,64.75,15.48,,,,,,,,,,,,,,
8/25/2023,39.57,19.66,64.92,15.4,,,,,,,,,,,,,,
8/28/2023,40.04,20.34,67.52,15.48,,,,,,,,,,,,,,
8/29/2023,39.5,20.45,67.09,15.48,,,,,,,,,,,,,,
8/30/2023,39.27,20.61,67.44,15.76,,,,,,,,,,,,,,
8/31/2023,39.81,20.91,67.44,15.86,,,,,,,,,,,,,,
9/5/2023,39.81,21.06,69.43,15.97,,,,,,,,,,,,,,
9/6/2023,40.89,21.97,69.34,16.11,,,,,,,,,,,,,,
9/7/2023,40.89,21.7,68.91,16.07,,,,,,,,,,,,,,
9/8/2023,40.35,21.78,69.34,15.97,,,,,,,,,,,,,,
9/11/2023,40.65,21.21,68.91,15.69,,,,,,,,,,,,,,
9/12/2023,40.81,21.78,69.6,15.97,,,,,,,,,,,,,,
9/13/2023,41.27,21.51,68.56,15.83,,,,,,,,,,,,,,
9/14/2023,41.27,21.06,68.82,15.76,,,,,,,,,,,,,,
9/15/2023,41.97,20.91,68.91,15.9,,,,,,,,,,,,,,
9/18/2023,42.58,20.91,68.39,15.76,,,,,,,,,,,,,,
9/19/2023,42.43,21.33,68.39,15.65,,,,,,,,,,,,,,
9/20/2023,42.43,21.51,67.87,15.76,,,,,,,,,,,,,,
9/21/2023,42.43,21.51,67.61,15.72,,,,,,,,,,,,,,
9/22/2023,43.2,20.68,67.18,15.65,,,,,,,,,,,,,,
9/25/2023,42.43,19.7,67.26,15.44,,,,,,,,,,,,,,
9/26/2023,42.51,19.85,65.96,15.37,,,,,,,,,,,,,,
9/27/2023,42.81,20.08,66.4,15.44,,,,,,,,,,,,,,
9/28/2023,42.43,20.15,64.84,15.26,,,,,,,,,,,,,,
9/29/2023,42.81,19.92,64.32,15.33,,,,,,,,,,,,,,
10/2/2023,42.81,19.85,65.53,15.37,,,,,,,,,,,,,,
10/3/2023,44.05,18.79,64.14,15.16,,,,,,,,,,,,,,
10/4/2023,44.51,19.13,64.49,15.16,,,,,,,,,,,,,,
10/5/2023,44.28,18.86,63.02,15.16,,,,,,,,,,,,,,
10/6/2023,44.43,18.9,64.32,15.3,,,,,,,,,,,,,,
10/9/2023,44.43,19.32,63.88,15.79,,,,,,,,,,,,,,
10/10/2023,45.75,19.7,64.49,16,,,,,,,,,,,,,,
10/11/2023,45.13,19.85,64.49,15.93,,,,,,,,,,,,,,
10/12/2023,45.51,19.54,65.44,15.93,,,,,,,,,,,,,,
10/13/2023,46.05,19.51,65.7,15.9,,,,,,,,,,,,,,
10/16/2023,45.82,18.94,65.18,15.86,,,,,,,,,,,,,,
10/17/2023,45.51,18.79,64.84,15.76,,,,,,,,,,,,,,
10/18/2023,45.36,18.18,64.06,15.48,,,,,,,,,,,,,,
10/19/2023,45.28,17.95,61.89,15.3,,,,,,,,,,,,,,
10/20/2023,45.44,18.45,62.67,15.37,,,,,,,,,,,,,,
10/23/2023,45.59,18.18,60.85,15.3,,,,,,,,,,,,,,
10/24/2023,45.98,18.18,60.94,15.37,,,,,,,,,,,,,,
10/25/2023,45.67,18.22,59.81,15.37,,,,,,,,,,,,,,
10/26/2023,44.28,17.27,58.08,14.81,,,,,,,,,,,,,,
10/27/2023,45.9,17.69,58.94,15.12,,,,,,,,,,,,,,
10/30/2023,45.67,17.42,58.6,14.95,,,,,,,,,,,,,,
10/31/2023,45.13,17.42,58.94,15.02,,,,,,,,,,,,,,
11/1/2023,45.28,18.14,61.02,15.16,,,,,,,,,,,,,,
11/2/2023,45.13,19.13,61.46,15.65,,,,,,,,,,,,,,
11/3/2023,45.44,19.01,60.68,15.48,,,,,,,,,,,,,,
11/6/2023,45.44,19.51,61.54,15.58,,,,,,,,,,,,,,
11/7/2023,45.13,19.54,61.37,15.51,,,,,,,,,,,,,,
11/8/2023,45.13,20.42,61.89,16,,,,,,,,,,,,,,
11/9/2023,45.13,20.23,61.28,15.83,,,,,,,,,,,,,,
11/10/2023,45.05,20.08,60.33,15.72,,,,,,,,,,,,,,
11/13/2023,44.74,20.61,59.55,15.76,,,,,,,,,,,,,,
11/14/2023,44.67,20.45,59.72,15.93,,,,,,,,,,,,,,
11/15/2023,44.67,20.45,61.28,16.32,,,,,,,,,,,,,,
11/16/2023,44.36,20.61,60.94,16.35,,,,,,,,,,,,,,
11/17/2023,44.36,20.08,60.68,15.93,,,,,,,,,,,,,,
11/20/2023,44.36,20.19,60.07,15.79,,,,,,,,,,,,,,
11/21/2023,44.36,20.49,60.24,15.86,,,,,,,,,,,,,,
11/22/2023,44.2,20.61,60.16,15.93,,,,,,,,,,,,,,
11/23/2023,43.74,19.58,59.55,15.58,,,,,,,,,,,,,,
11/24/2023,43.74,20,59.2,15.48,,,,,,,,,,,,,,
11/27/2023,42.51,19.92,59.03,15.33,,,,,,,,,,,,,,
11/28/2023,42.51,20.23,59.38,15.37,,,,,,,,,,,,,,
11/29/2023,42.51,20.45,59.29,15.48,,,,,,,,,,,,,,
11/30/2023,45.44,20.11,58.42,15.4,,,,,,,,,,,,,,
12/1/2023,45.13,20.38,59.29,15.4,,,,,,,,,,,,,,
12/4/2023,45.13,20.83,59.64,15.65,,,,,,,,,,,,,,
12/5/2023,44.74,20.64,59.03,15.55,,,,,,,,,,,,,,
12/6/2023,44.74,20.91,59.38,15.65,,,,,,,,,,,,,,
12/7/2023,44.82,20.91,59.29,15.72,,,,,,,,,,,,,,
12/8/2023,43.74,20.98,59.81,15.72,,,,,,,,,,,,,,
12/11/2023,44.13,20.83,60.68,15.72,,,,,,,,,,,,,,
12/12/2023,43.97,21.17,60.16,15.79,,,,,,,,,,,,,,
12/13/2023,43.74,20.72,59.12,15.65,,,,,,,,,,,,,,
12/14/2023,43.2,20.49,59.29,15.79,,,,,,,,,,,,,,
12/15/2023,43.12,20.3,59.03,15.97,,,,,,,,,,,,,,
12/18/2023,43.12,20.15,58.08,16,,,,,,,,,,,,,,
12/19/2023,42.27,20.61,58.08,16.18,,,,,,,,,,,,,,
12/20/2023,42.04,20.61,59.03,16.28,,,,,,,,,,,,,,
12/21/2023,41.73,20.61,58.77,16.32,,,,,,,,,,,,,,
12/22/2023,41.66,20.49,58.6,16.28,,,,,,,,,,,,,,
12/25/2023,41.97,20.79,58.86,16.39,,,,,,,,,,,,,,
12/26/2023,41.04,21.06,58.94,16.32,,,,,,,,,,,,,,
12/27/2023,41.27,21.02,58.94,16.35,,,,,,,,,,,,,,
12/28/2023,41.81,21.17,59.82,16.67,,,,,,,,,,,,,,
12/29/2023,41.81,21.17,59.03,16.77,,,,,,,,,,,,,,
1/2/2024,40.58,20.79,59.64,17.16,,,,,,,,,,,,,,
1/3/2024,42.12,21.06,60.25,17.55,,,,,,,,,,,,,,
1/4/2024,41.81,21.02,60.25,17.76,,,,,,,,,,,,,,
1/5/2024,41.97,21.06,60.08,17.86,,,,,,,,,,,,,,
1/8/2024,41.73,21.1,59.56,17.79,,,,,,,,,,,,,,
1/9/2024,41.58,20.98,59.47,17.55,,,,,,,,,,,,,,
1/10/2024,41.43,20.72,58.94,17.72,,,,,,,,,,,,,,
1/11/2024,41.19,20.83,59.29,17.72,,,,,,,,,,,,,,
1/12/2024,41.19,20.57,58.68,18.11,,,,,,,,,,,,,,
1/15/2024,41.43,20.53,58.51,17.76,,,,,,,,,,,,,,
1/16/2024,41.04,21.06,58.86,17.83,,,,,,,,,,,,,,
1/17/2024,41.58,20.95,58.6,17.83,,,,,,,,,,,,,,
1/18/2024,41.5,20.95,58.86,17.97,,,,,,,,,,,,,,
1/19/2024,41.66,21.06,59.38,18.21,,,,,,,,,,,,,,
1/22/2024,41.66,21.44,59.64,18.46,,,,,,,,,,,,,,
1/23/2024,41.43,21.48,59.12,18.28,,,,,,,,,,,,,,
1/24/2024,41.43,21.4,58.77,18.11,,,,,,,,,,,,,,
1/25/2024,41.27,21.4,58.42,18.11,,,,,,,,,,,,,,
1/26/2024,41.12,21.48,58.51,18.46,,,,,,,,,,,,,,
1/29/2024,40.65,21.21,58.51,18.21,,,,,,,,,,,,,,
1/30/2024,40.89,21.21,58.42,18.21,,,,,,,,,,,,,,
1/31/2024,40.89,21.02,58.51,18.07,,,,,,,,,,,,,,
2/1/2024,41.27,21.1,58.94,18.25,,,,,,,,,,,,,,
2/2/2024,41.5,21.14,58.86,18.42,,,,,,,,,,,,,,
2/5/2024,41.58,21.21,59.38,19.51,,,,,,,,,,,,,,
2/6/2024,41.58,21.25,59.03,19.55,,,,,,,,,,,,,,
2/7/2024,41.81,21.33,59.03,19.65,,,,,,,,,,,,,,
2/15/2024,41.81,21.74,59.03,19.09,,,,,,,,,,,,,,
2/16/2024,41.66,21.67,61.13,19.37,,,,,,,,,,,,,,
2/19/2024,41.58,22.12,62.79,19.44,,,,,,,,,,,,,,
2/20/2024,41.58,22.12,62.44,19.34,,,,,,,,,,,,,,
2/21/2024,41.66,21.82,62.26,19.44,,,,,,,,,,,,,,
2/22/2024,41.66,21.63,62.53,19.41,,,,,,,,,,,,,,
2/23/2024,41.58,21.51,62,19.16,,,,,,,,,,,,,,
2/26/2024,41.66,21.82,62,19.3,,,,,,,,,,,,,,
2/27/2024,42.27,22.99,62.87,19.37,,,,,,,,,,,,,,
2/28/2024,42.43,23.18,63.05,19.65,,,,,,,,,,,,,,
2/29/2024,42.81,23.48,62.87,19.65,,,,,,,,,,,,,,
3/1/2024,42.97,23.37,62.44,19.51,,,,,,,,,,,,,,
3/4/2024,42.81,23.33,62.87,19.51,,,,,,,,,,,,,,
3/5/2024,42.81,23.6,63.75,19.62,,,,,,,,,,,,,,
3/6/2024,42.74,23.33,62.7,19.37,,,,,,,,,,,,,,
3/7/2024,42.43,23.48,62.87,19.3,,,,,,,,,,,,,,
3/8/2024,41.97,22.95,61.13,18.98,,,,,,,,,,,,,,
3/11/2024,42.35,22.65,61.39,18.77,,,,,,,,,,,,,,
3/12/2024,42.51,22.88,61.13,18.77,,,,,,,,,,,,,,
3/13/2024,42.51,23.33,61.83,19.41,,,,,,,,,,,,,,
3/14/2024,42.43,22.99,61.56,19.12,,,,,,,,,,,,,,
3/15/2024,43.97,22.8,60.86,19.19,,,,,,,,,,,,,,
3/18/2024,43.66,22.42,60.06,18.88,,,,,,,,,,,,,,
3/19/2024,43.66,22.58,59.97,18.84,,,,,,,,,,,,,,
3/20/2024,43.59,22.73,60.15,19.3,,,,,,,,,,,,,,
3/21/2024,43.89,22.92,60.51,19.65,,,,,,,,,,,,,,
3/22/2024,43.51,23.14,59.97,19.76,,,,,,,,,,,,,,
3/25/2024,43.35,22.88,59.53,19.3,,,,,,,,,,,,,,
3/26/2024,43.35,23.14,59.89,19.62,,,,,,,,,,,,,,
3/27/2024,43.66,23.18,59.89,19.65,,,,,,,,,,,,,,
3/28/2024,43.35,23.14,59.89,19.9,,,,,,,,,,,,,,
3/29/2024,43.28,22.92,59.8,20,,,,,,,,,,,,,,
4/1/2024,43.2,22.8,59.27,19.97,,,,,,,,,,,,,,
4/2/2024,42.58,23.03,59.53,19.93,,,,,,,,,,,,,,
4/3/2024,43.12,22.69,59,19.65,,,,,,,,,,,,,,
4/4/2024,43.05,22.42,60.33,19.34,,,,,,,,,,,,,,
4/5/2024,42.89,22.31,60.06,19.05,,,,,,,,,,,,,,
4/8/2024,42.66,22.42,59.27,19.05,,,,,,,,,,,,,,
4/9/2024,42.35,22.65,59.27,19.16,,,,,,,,,,,,,,
4/10/2024,42.2,22.46,59.09,19.02,,,,,,,,,,,,,,
4/11/2024,41.66,22.65,58.91,19.05,,,,,,,,,,,,,,
4/12/2024,41.89,22.69,59,19.65,,,,,,,,,,,,,,
4/15/2024,41.27,21.59,57.41,18.84,,,,,,,,,,,,,,
4/16/2024,40.81,21.48,56.61,19.05,,,,,,,,,,,,,,
4/17/2024,40.81,21.21,56.79,18.77,,,,,,,,,,,,,,
4/19/2024,41.43,21.06,56.79,18.67,,,,,,,,,,,,,,
4/22/2024,41.27,21.21,56.61,18.81,,,,,,,,,,,,,,
4/23/2024,41.19,20.91,56.17,18.7,,,,,,,,,,,,,,
4/24/2024,41.12,21.82,56.61,18.98,,,,,,,,,,,,,,
4/25/2024,41.12,21.63,57.23,18.81,,,,,,,,,,,,,,
4/26/2024,41.04,21.51,57.5,18.84,,,,,,,,,,,,,,
5/2/2024,40.96,21.48,57.85,18.95,,,,,,,,,,,,,,
5/3/2024,40.96,21.7,58.03,19.3,,,,,,,,,,,,,,
5/6/2024,40.89,22.2,58.21,19.37,,,,,,,,,,,,,,
5/7/2024,40.65,22.84,60.15,19.41,,,,,,,,,,,,,,
5/8/2024,40.89,23.26,60.06,19.34,,,,,,,,,,,,,,
5/9/2024,40.81,23.07,58.91,19.37,,,,,,,,,,,,,,
5/10/2024,40.81,23.07,58.82,19.44,,,,,,,,,,,,,,
5/13/2024,40.65,22.88,58.21,19.44,,,,,,,,,,,,,,
5/14/2024,40.65,22.88,58.82,19.48,,,,,,,,,,,,,,
5/15/2024,40.35,23.64,59.27,19.44,,,,,,,,,,,,,,
5/16/2024,40.65,23.94,59.44,19.83,,,,,,,,,,,,,,
5/17/2024,40.65,23.94,59.27,19.83,,,,,,,,,,,,,,
5/20/2024,40.58,24.24,58.74,19.83,,,,,,,,,,,,,,
5/21/2024,40.58,24.13,58.56,19.79,,,,,,,,,,,,,,
5/22/2024,40.58,23.71,58.21,19.62,,,,,,,,,,,,,,
5/23/2024,40.5,24.58,59.27,19.97,,,,,,,,,,,,,,
5/24/2024,40.5,24.08,58.38,20.53,,,,,,,,,,,,,,
5/27/2024,40.42,24.08,58.47,20.67,,,,,,,,,,,,,,
5/28/2024,40.27,24.29,59.09,20.81,,,,,,,,,,,,,,
5/29/2024,40.5,23.83,58.65,20.53,,,,,,,,,,,,,,
5/30/2024,40.42,23.54,58.12,20.63,,,,,,,,,,,,,,
5/31/2024,40.42,23.83,57.85,20.6,,,,,,,,,,,,,,
6/3/2024,40.5,24.17,58.47,20.72,,,,,,,,,,,,,,
6/4/2024,40.35,24.42,58.38,20.47,,,,,,,,,,,,,,
6/5/2024,40.58,24.37,60.59,20.34,,,,,,,,,,,,,,
6/6/2024,41.35,24.42,59.44,20.34,,,,,,,,,,,,,,
6/7/2024,41.43,24.42,59.97,20.55,,,,,,,,,,,,,,
6/10/2024,41.19,24.42,59.44,20.39,,,,,,,,,,,,,,
6/11/2024,41.19,24.25,58.82,20.18,,,,,,,,,,,,,,
6/12/2024,40.96,24.67,59.27,20.51,,,,,,,,,,,,,,
6/13/2024,41.19,24.58,59.18,20.72,,,,,,,,,,,,,,
6/14/2024,40.89,24.25,58.56,20.55,,,,,,,,,,,,,,
6/17/2024,41.12,24.54,58.38,20.51,,,,,,,,,,,,,,
6/18/2024,41.27,24.5,58.29,20.51,,,,,,,,,,,,,,
6/19/2024,40.79,24.46,57.76,20.6,,,,,,,,,,,,,,
6/20/2024,40.69,24.46,58.38,20.72,,,,,,,,,,,,,,
6/21/2024,40.5,24.21,58.38,20.51,,,,,,,,,,,,,,
6/24/2024,39.92,23.92,57.94,20.14,,,,,,,,,,,,,,
6/25/2024,39.54,23.92,57.94,20.09,,,,,,,,,,,,,,
6/26/2024,39.1,24.08,57.67,20.14,,,,,,,,,,,,,,
6/27/2024,39.3,24.04,57.76,20.01,,,,,,,,,,,,,,
6/28/2024,38.57,23.58,57.94,19.88,,,,,,,,,,,,,,
7/1/2024,38.38,23.62,58.38,19.88,,,,,,,,,,,,,,
7/2/2024,38.14,23.92,58.56,20.09,,,,,,,,,,,,,,
7/3/2024,38.09,23.96,58.56,20.26,,,,,,,,,,,,,,
7/4/2024,38.86,23.92,58.74,20.18,,,,,,,,,,,,,,
7/5/2024,39.2,23.87,59.44,20.3,,,,,,,,,,,,,,
7/8/2024,39.05,24,59.8,20.26,,,,,,,,,,,,,,
7/9/2024,39.15,24.17,59.71,20.3,,,,,,,,,,,,,,
7/10/2024,39.05,24.12,59.09,20.26,,,,,,,,,,,,,,
7/11/2024,39.92,24.04,58.65,20.18,,,,,,,,,,,,,,
7/12/2024,40.11,23.75,58.65,20.05,,,,,,,,,,,,,,
7/15/2024,40.31,23.71,58.56,20.01,,,,,,,,,,,,,,
7/16/2024,43.1,23.71,58.47,20.14,,,,,,,,,,,,,,
7/17/2024,43.39,23.5,58.12,20.47,,,,,,,,,,,,,,
7/18/2024,42.38,23.67,58.29,20.72,,,,,,,,,,,,,,
7/19/2024,41.27,23.5,57.76,20.97,,,,,,,,,,,,,,
7/22/2024,40.55,23.37,57.85,20.68,,,,,,,,,,,,,,
7/23/2024,39.92,23.17,58.29,20.05,,,,,,,,,,,,,,
7/24/2024,40.16,23.08,58.03,20.22,,,,,,,,,,,,,,
7/25/2024,40.93,22.79,58.03,20.09,,,,,,,,,,,,,,
7/26/2024,40.89,22.87,58.21,20.14,,,,,,,,,,,,,,
7/29/2024,40.4,23.25,59.44,20.18,,,,,,,,,,,,,,
7/30/2024,40.31,23.25,59.89,20.18,,,,,,,,,,,,,,
7/31/2024,40.65,22.67,63.34,20.51,,,,,,,,,,,,,,
8/1/2024,40.45,22.25,62.19,20.01,,,,,,,,,,,,,,
8/2/2024,40.11,22.71,63.25,20.01,,,,,,,,,,,,,,
8/5/2024,39.54,21.62,61.39,19.38,,,,,,,,,,,,,,
8/6/2024,39.54,21.92,64.31,19.63,,,,,,,,,,,,,,
8/7/2024,39.54,21.71,65.28,19.55,,,,,,,,,,,,,,
8/8/2024,38.67,21.33,64.31,19.43,,,,,,,,,,,,,,
8/9/2024,39.83,21.71,64.84,19.72,,,,,,,,,,,,,,
8/12/2024,39.73,21.54,64.57,19.88,,,,,,,,,,,,,,
8/13/2024,40.02,21.17,65.28,19.72,,,,,,,,,,,,,,
8/14/2024,39.34,21.21,65.46,19.68,,,,,,,,,,,,,,
8/15/2024,39.15,21,65.28,19.63,,,,,,,,,,,,,,
8/16/2024,39.49,21.33,65.28,20.05,,,,,,,,,,,,,,
8/19/2024,39.3,21.54,67.23,20.09,,,,,,,,,,,,,,
8/20/2024,39.15,21.5,66.87,20.14,,,,,,,,,,,,,,
8/21/2024,39.83,21.79,66.61,20.39,,,,,,,,,,,,,,
8/22/2024,39.54,21.46,65.64,20.39,,,,,,,,,,,,,,
8/23/2024,39.54,21.71,66.26,20.43,,,,,,,,,,,,,,
8/26/2024,39.63,21.67,64.93,20.43,,,,,,,,,,,,,,
8/27/2024,39.44,21.46,65.02,20.43,,,,,,,,,,,,,,
8/28/2024,39.68,21.42,65.37,20.47,,,,,,,,,,,,,,
8/29/2024,39.73,21.33,65.02,20.6,,,,,,,,,,,,,,
8/30/2024,39.73,21.25,65.37,20.72,,,,,,,,,,,,,,
9/4/2024,39.44,21.04,65.72,20.6,,,,,,,,,,,,,,
9/5/2024,39.54,20.87,66.08,20.47,,,,,,,,,,,,,,
9/6/2024,39.44,21.17,66.7,20.55,,,,,,,,,,,,,,
9/9/2024,39.39,21.33,66.17,20.43,,,,,,,,,,,,,,
9/10/2024,39.39,20.96,66.26,20.26,,,,,,,,,,,,,,
9/11/2024,40.21,21.12,65.99,20.18,,,,,,,,,,,,,,
9/12/2024,41.32,20.92,66.08,20.43,,,,,,,,,,,,,,
9/13/2024,41.32,20.83,64.49,20.39,,,,,,,,,,,,,,
9/16/2024,40.16,20.71,63.6,20.18,,,,,,,,,,,,,,
9/17/2024,40.5,21.04,64.93,20.47,,,,,,,,,,,,,,
9/18/2024,40.21,20.92,64.84,20.6,,,,,,,,,,,,,,
9/19/2024,40.21,21.04,64.84,20.72,,,,,,,,,,,,,,
9/20/2024,41.13,21.37,64.31,21.43,,,,,,,,,,,,,,
9/23/2024,41.46,21.42,64.49,21.43,,,,,,,,,,,,,,
9/24/2024,42.67,21.54,64.35,21.56,,,,,,,,,,,,,,
9/25/2024,42.72,21.83,63.71,21.89,,,,,,,,,,,,,,
9/26/2024,42.53,21.71,64.71,21.72,,,,,,,,,,,,,,
9/27/2024,43.25,21.71,64.99,21.64,,,,,,,,,,,,,,
9/30/2024,43.39,21.96,64.17,21.51,,,,,,,,,,,,,,
10/1/2024,43.68,22.29,64.17,21.51,,,,,,,,,,,,,,
10/2/2024,43.88,21.92,64.17,21.56,,,,,,,,,,,,,,
10/3/2024,43.39,21.83,64.35,21.47,,,,,,,,,,,,,,
10/4/2024,43.2,21.83,62.7,21.22,,,,,,,,,,,,,,
10/7/2024,43.54,22,61.42,21.26,,,,,,,,,,,,,,
10/8/2024,46.58,22.46,62.43,21.31,,,,,,,,,,,,,,
10/9/2024,47.25,22.92,62.06,21.93,,,,,,,,,,,,,,
10/10/2024,45.32,22.71,61.97,21.89,,,,,,,,,,,,,,
10/11/2024,45.8,22.75,61.97,21.81,,,,,,,,,,,,,,
10/14/2024,47.73,22.54,61.51,21.68,,,,,,,,,,,,,,
10/15/2024,46.96,22.62,61.14,21.6,,,,,,,,,,,,,,
10/16/2024,48.22,22.58,61.79,21.51,,,,,,,,,,,,,,
10/17/2024,47.83,22.71,61.88,21.85,,,,,,,,,,,,,,
10/18/2024,47.25,22.46,61.69,21.81,,,,,,,,,,,,,,
10/21/2024,46.43,22.29,61.6,21.56,,,,,,,,,,,,,,
10/22/2024,46.72,22.21,61.6,21.22,,,,,,,,,,,,,,
10/23/2024,46.29,22.04,61.6,21.22,,,,,,,,,,,,,,
10/24/2024,47.25,22.04,62.61,20.89,,,,,,,,,,,,,,
10/25/2024,48.41,22.04,62.24,20.8,,,,,,,,,,,,,,
10/28/2024,48.41,22.29,61.51,21.01,,,,,,,,,,,,,,
10/29/2024,47.54,22.54,61.33,21.05,,,,,,,,,,,,,,
10/30/2024,47.93,22.5,60.69,20.97,,,,,,,,,,,,,,
10/31/2024,47.78,22.42,60.5,21.22,,,,,,,,,,,,,,
11/1/2024,48.12,22.12,60.23,20.8,,,,,,,,,,,,,,
11/4/2024,47.01,21.92,60.05,20.68,,,,,,,,,,,,,,
11/5/2024,47.35,22.08,59.95,20.68,,,,,,,,,,,,,,
11/6/2024,47.83,22.46,60.23,20.97,,,,,,,,,,,,,,
11/7/2024,47.35,22.46,60.32,20.97,,,,,,,,,,,,,,
11/8/2024,46.96,22.5,60.14,20.8,,,,,,,,,,,,,,
11/11/2024,46.67,23.08,59.68,20.76,,,,,,,,,,,,,,
11/12/2024,46.29,22.92,59.41,20.76,,,,,,,,,,,,,,
11/13/2024,46.72,22.54,59.5,20.8,,,,,,,,,,,,,,
11/14/2024,46.53,21.92,59.5,20.51,,,,,,,,,,,,,,
11/15/2024,46.29,21.58,58.31,20.39,,,,,,,,,,,,,,
11/18/2024,46,21.5,57.85,20.47,,,,,,,,,,,,,,
11/19/2024,45.32,21.21,57.67,20.3,,,,,,,,,,,,,,
11/20/2024,45.61,21.33,58.22,20.47,,,,,,,,,,,,,,
11/21/2024,45.61,21.54,58.49,20.76,,,,,,,,,,,,,,
11/22/2024,47.44,21.75,58.86,20.85,,,,,,,,,,,,,,
11/25/2024,47.4,21.92,58.86,20.8,,,,,,,,,,,,,,
11/26/2024,47.2,21.96,59.31,20.89,,,,,,,,,,,,,,
11/27/2024,47.64,21.92,59.13,20.93,,,,,,,,,,,,,,
11/28/2024,50.92,22,59.04,21.01,,,,,,,,,,,,,,
11/29/2024,54.39,22.29,59.13,21.05,,,,,,,,,,,,,,
12/2/2024,55.54,22.42,59.04,21.01,,,,,,,,,,,,,,
12/3/2024,56.89,22.5,58.49,20.89,,,,,,,,,,,,,,
12/4/2024,55.93,22.25,57.94,20.93,,,,,,,,,,,,,,
12/5/2024,56.51,23.21,58.86,21.47,,,,,,,,,,,,,,
12/6/2024,56.6,23,58.67,21.43,,,,,,,,,,,,,,
12/9/2024,58.05,23.04,58.67,21.31,,,,,,,,,,,,,,
12/10/2024,57.76,23.25,58.49,21.18,,,,,,,,,,,,,,
12/11/2024,57.28,23.12,58.76,21.22,,,,,,,,,,,,,,
12/12/2024,56.32,22.92,59.13,21.14,,,,,,,,,,,,,,
12/13/2024,54.68,22.67,58.76,21.01,,,,,,,,,,,,,,
12/16/2024,56.03,22.5,59.5,21.01,,,,,,,,,,,,,,
12/17/2024,56.8,22.5,59.13,21.05,,,,,,,,,,,,,,
12/18/2024,56.99,22.79,59.22,21.01,,,,,,,,,,,,,,
12/19/2024,56.8,22.37,58.49,20.72,,,,,,,,,,,,,,
12/20/2024,57.67,22.25,59.5,20.72,,,,,,,,,,,,,,
12/23/2024,58.82,22.5,58.95,20.8,,,,,,,,,,,,,,
12/24/2024,58.53,22.25,58.86,20.89,,,,,,,,,,,,,,
12/25/2024,56.22,22.62,58.95,21.26,,,,,,,,,,,,,,
12/26/2024,56.41,22.5,58.86,21.35,,,,,,,,,,,,,,
12/27/2024,55.45,22.37,58.86,21.35,,,,,,,,,,,,,,
12/30/2024,55.45,22.29,58.4,21.22,,,,,,,,,,,,,,
12/31/2024,55.54,22.21,58.49,21.56,,,,,,,,,,,,,,
1/2/2025,56.89,22.5,58.21,21.39,,,,,,,,,,,,,,
1/3/2025,56.51,22.17,58.12,20.97,,,,,,,,,,,,,,
1/6/2025,55.74,21.71,57.66,20.72,,,,,,,,,,,,,,
1/7/2025,56.41,21.71,56.92,20.89,,,,,,,,,,,,,,
1/8/2025,56.22,21.87,56.92,20.89,,,,,,,,,,,,,,
1/9/2025,57.38,21.67,57.01,20.85,,,,,,,,,,,,,,
1/10/2025,57.38,21.29,56.55,20.64,,,,,,,,,,,,,,
1/13/2025,56.51,21.58,56.64,20.68,,,,,,,,,,,,,,
1/14/2025,57.38,21.54,56.83,20.6,,,,,,,,,,,,,,
1/15/2025,58.82,21.83,56.92,20.8,,,,,,,,,,,,,,
1/16/2025,58.15,21.92,57.1,20.76,,,,,,,,,,,,,,
1/17/2025,59.79,22.08,57.2,20.85,,,,,,,,,,,,,,
1/20/2025,58.82,22.04,57.1,20.89,,,,,,,,,,,,,,
1/21/2025,57.28,21.92,57.01,20.85,,,,,,,,,,,,,,
1/22/2025,56.32,21.79,56.83,20.76,,,,,,,,,,,,,,
1/23/2025,56.6,22.21,57.2,21.14,,,,,,,,,,,,,,
1/24/2025,56.32,22.12,57.38,21.18,,,,,,,,,,,,,,
2/3/2025,55.83,22,55.81,20.97,,,,,,,,,,,,,,
2/4/2025,56.89,22.37,55.54,21.1,,,,,,,,,,,,,,
2/5/2025,56.32,22.33,56.74,21.22,,,,,,,,,,,,,,
2/6/2025,56.89,22.33,56,21.31,,,,,,,,,,,,,,
2/7/2025,57.28,22.21,56.09,21.47,,,,,,,,,,,,,,
2/10/2025,56.41,21.17,55.91,21.56,,,,,,,,,,,,,,
2/11/2025,57.86,21.75,55.72,21.6,,,,,,,,,,,,,,
2/12/2025,57.28,21.54,56.27,21.43,,,,,,,,,,,,,,
2/13/2025,57.86,21.58,56,21.47,,,,,,,,,,,,,,
2/14/2025,57.67,21.75,55.63,21.51,,,,,,,,,,,,,,
2/17/2025,58.34,21.79,55.35,21.56,,,,,,,,,,,,,,
2/18/2025,58.05,22.12,55.63,21.51,,,,,,,,,,,,,,
2/19/2025,56.8,22.08,56.09,21.56,,,,,,,,,,,,,,
2/20/2025,56.6,22.12,56,21.68,,,,,,,,,,,,,,
2/21/2025,56.6,22.04,56.64,21.89,,,,,,,,,,,,,,
2/24/2025,56.51,23.08,58.86,21.85,,,,,,,,,,,,,,
2/25/2025,56.22,22.92,58.03,21.72,,,,,,,,,,,,,,
2/26/2025,56.89,23.12,58.21,21.68,,,,,,,,,,,,,,
2/27/2025,56.6,23.71,57.38,21.81,,,,,,,,,,,,,,
2/28/2025,56.12,23.33,57.38,21.72,,,,,,,,,,,,,,
3/3/2025,56.32,23.37,58.3,21.72,,,,,,,,,,,,,,
3/4/2025,55.93,23.21,58.58,21.85,,,,,,,,,,,,,,
3/5/2025,55.74,22.96,57.84,21.85,,,,,,,,,,,,,,
3/6/2025,55.93,23.29,58.03,22.06,,,,,,,,,,,,,,
3/7/2025,55.74,23.37,57.84,22.27,,,,,,,,,,,,,,
3/10/2025,55.16,23.29,57.66,22.1,,,,,,,,,,,,,,
3/11/2025,55.16,23.46,57.57,22.1,,,,,,,,,,,,,,
3/12/2025,55.54,23.17,57.38,21.97,,,,,,,,,,,,,,
3/13/2025,55.54,23.08,57.2,21.81,,,,,,,,,,,,,,
3/14/2025,55.16,22.96,57.29,21.72,,,,,,,,,,,,,,
3/17/2025,54.97,23.21,58.12,21.89,,,,,,,,,,,,,,
3/18/2025,54.87,23,57.66,21.97,,,,,,,,,,,,,,
3/19/2025,56.32,22.71,57.47,21.89,,,,,,,,,,,,,,
3/20/2025,56.12,22.62,57.01,21.93,,,,,,,,,,,,,,
3/21/2025,55.93,22.62,56.55,21.81,,,,,,,,,,,,,,
3/24/2025,53.81,22.62,56.64,22.02,,,,,,,,,,,,,,
3/25/2025,52.84,22.67,56.64,21.97,,,,,,,,,,,,,,
3/26/2025,53.52,22.96,56.46,21.85,,,,,,,,,,,,,,
3/27/2025,53.52,22.92,56.37,21.72,,,,,,,,,,,,,,
3/28/2025,52.94,22.62,55.63,21.68,,,,,,,,,,,,,,
3/31/2025,52.07,22.29,55.91,21.72,,,,,,,,,,,,,,
4/1/2025,52.07,22.5,56.09,21.76,,,,,,,,,,,,,,
4/2/2025,51.59,22.71,55.81,21.68,,,,,,,,,,,,,,
4/3/2025,48.02,21.12,52.12,20.18,,,,,,,,,,,,,,
4/4/2025,46.29,20.5,53.97,19.88,,,,,,,,,,,,,,
4/8/2025,43.06,19.08,50.28,18.51,,,,,,,,,,,,,,
4/9/2025,44.16,17.75,47.97,18.21,,,,,,,,,,,,,,
4/10/2025,47.25,18.96,51.29,19.47,,,,,,,,,,,,,,
4/11/2025,48.22,20.25,53.05,20.76,,,,,,,,,,,,,,
4/14/2025,48.41,21.12,52.49,20.72,,,,,,,,,,,,,,
4/15/2025,48.31,21.54,51.94,20.14,,,,,,,,,,,,,,
4/16/2025,47.59,21.25,51.66,20.3,,,,,,,,,,,,,,
4/17/2025,47.4,21.25,51.66,20.3,,,,,,,,,,,,,,
4/18/2025,48.02,21.21,52.22,20.47,,,,,,,,,,,,,,
4/21/2025,47.73,20.79,52.31,20.14,,,,,,,,,,,,,,
4/22/2025,45.8,20.87,51.66,20.14,,,,,,,,,,,,,,
4/23/2025,46.19,21.29,52.03,20.55,,,,,,,,,,,,,,
4/24/2025,46.19,21.33,51.94,20.18,,,,,,,,,,,,,,
4/25/2025,46.14,21.42,53.78,19.97,,,,,,,,,,,,,,
4/28/2025,46.38,21.37,53.05,20.01,,,,,,,,,,,,,,
4/29/2025,47.73,21.25,53.14,20.09,,,,,,,,,,,,,,
5/5/2025,48.6,21.42,52.49,20.09,,,,,,,,,,,,,,
5/6/2025,48.79,21.21,52.49,20.05,,,,,,,,,,,,,,
5/7/2025,48.7,21.17,52.77,20.05,,,,,,,,,,,,,,
5/8/2025,49.28,21.42,52.95,20.18,,,,,,,,,,,,,,
5/9/2025,48.79,21.37,53.23,20.18,,,,,,,,,,,,,,
5/12/2025,48.5,21.17,54.06,20.39,,,,,,,,,,,,,,
5/13/2025,48.07,21.5,53.97,20.55,,,,,,,,,,,,,,
5/14/2025,48.12,21.79,53.68,20.72,,,,,,,,,,,,,,
5/15/2025,47.97,21.79,54.26,21.35,,,,,,,,,,,,,,
5/16/2025,48.6,21.5,53.68,21.26,,,,,,,,,,,,,,
5/19/2025,48.99,21.37,53.49,21.22,,,,,,,,,,,,,,
5/20/2025,49.57,21.37,53.4,21.39,,,,,,,,,,,,,,
5/21/2025,49.47,21.46,52.92,21.43,,,,,,,,,,,,,,
5/22/2025,48.99,21.37,52.54,21.35,,,,,,,,,,,,,,
5/23/2025,49.66,21.33,52.82,21.6,,,,,,,,,,,,,,
5/26/2025,49.95,21.29,53.2,21.5,,,,,,,,,,,,,,
5/27/2025,50.14,21.29,52.92,21.45,,,,,,,,,,,,,,
5/28/2025,50.14,21.33,52.73,21.4,,,,,,,,,,,,,,
5/29/2025,50.34,21.29,52.63,21.3,,,,,,,,,,,,,,
5/30/2025,50.14,21.46,52.44,21.1,,,,,,,,,,,,,,
6/2/2025,50.72,21.29,52.15,21.1,,,,,,,,,,,,,,
6/3/2025,51.78,21.67,53.01,21.25,,,,,,,,,,,,,,
6/4/2025,54,21.62,54.35,21.1,,,,,,,,,,,,,,
6/5/2025,52.27,21.46,53.78,21,,,,,,,,,,,,,,
6/6/2025,51.78,21.71,52.82,21,,,,,,,,,,,,,,
6/9/2025,51.88,21.92,52.82,20.95,,,,,,,,,,,,,,
6/10/2025,52.07,21.83,52.82,20.95,,,,,,,,,,,,,,
6/11/2025,51.88,21.75,52.73,20.95,,,,,,,,,,,,,,
6/12/2025,52.17,22.33,53.4,21.05,,,,,,,,,,,,,,
6/13/2025,52.65,22,53.01,21.05,,,,,,,,,,,,,,
6/16/2025,53.23,22.29,53.78,21.3,,,,,,,,,,,,,,
6/17/2025,52.94,22.37,53.68,21.2,,,,,,,,,,,,,,
6/18/2025,53.04,22.62,53.49,21.3,,,,,,,,,,,,,,
6/19/2025,53.23,22.42,53.59,21.3,,,,,,,,,,,,,,
6/20/2025,54.48,22.5,54.06,21.45,,,,,,,,,,,,,,
6/23/2025,54.68,22.37,53.4,21.35,,,,,,,,,,,,,,
6/24/2025,53.9,22.5,53.87,21.3,,,,,,,,,,,,,,
6/25/2025,54.19,22.67,54.26,21.25,,,,,,,,,,,,,,
6/26/2025,54.1,22.8,53.87,21.2,,,,,,,,,,,,,,
6/27/2025,54,22.85,55.21,21.2,,,,,,,,,,,,,,
6/30/2025,53.7,22.7,55.4,21.3,,,,,,,,,,,,,,
7/1/2025,54.2,22.65,54.92,21.3,,,,,,,,,,,,,,
7/2/2025,54.3,22.9,55.12,21.3,,,,,,,,,,,,,,
7/3/2025,54.5,23.1,54.92,21.4,,,,,,,,,,,,,,
7/4/2025,54.5,23.25,55.21,21.85,,,,,,,,,,,,,,
7/7/2025,54.3,23.6,55.31,22.25,,,,,,,,,,,,,,
7/8/2025,54.2,24.7,56.36,22.25,,,,,,,,,,,,,,
7/9/2025,54.4,24.75,57.5,22.45,,,,,,,,,,,,,,
7/10/2025,54.7,25.15,57.03,22.55,,,,,,,,,,,,,,
7/11/2025,54.6,26,57.12,22.7,,,,,,,,,,,,,,
7/14/2025,54.8,25.75,57.6,22.7,,,,,,,,,,,,,,
7/15/2025,55.9,25.5,57.41,22.45,,,,,,,,,,,,,,
7/16/2025,55.3,26.1,57.41,22.45,,,,,,,,,,,,,,
7/17/2025,55.1,26,57.41,22.45,,,,,,,,,,,,,,
7/18/2025,55.3,25.9,57.5,22.65,,,,,,,,,,,,,,
7/21/2025,55,26.2,57.31,22.85,,,,,,,,,,,,,,
7/22/2025,55.1,26.45,57.5,22.9,,,,,,,,,,,,,,
7/23/2025,55.3,26.4,58.94,23,,,,,,,,,,,,,,
7/24/2025,55.1,26,60.85,23.2,,,,,,,,,,,,,,
7/25/2025,55,26.05,60.37,23.6,,,,,,,,,,,,,,
7/28/2025,56.3,26.35,60.46,23.85,,,,,,,,,,,,,,
7/29/2025,55.2,25.35,60.37,22.75,,,,,,,,,,,,,,
7/30/2025,55.5,25.4,60.08,23,,,,,,,,,,,,,,
7/31/2025,55.3,24.95,58.46,23,,,,,,,,,,,,,,
8/1/2025,55.3,25.15,57.31,23,,,,,,,,,,,,,,
8/4/2025,55.2,25.3,57.69,23.3,,,,,,,,,,,,,,
8/5/2025,54.8,26.4,57.41,23.45,,,,,,,,,,,,,,
8/6/2025,55.2,27.1,58.55,24.2,,,,,,,,,,,,,,
8/7/2025,54.9,28.5,58.17,24.4,,,,,,,,,,,,,,
8/8/2025,54.8,28,58.08,24.25,,,,,,,,,,,,,,
8/11/2025,54.8,28.15,58.74,24.4,,,,,,,,,,,,,,
8/12/2025,54.7,28.5,59.03,24.25,,,,,,,,,,,,,,
8/13/2025,55.5,28.1,58.36,24.5,,,,,,,,,,,,,,
8/14/2025,55,28.2,58.94,26.2,,,,,,,,,,,,,,
8/15/2025,54.9,28,58.27,26.55,,,,,,,,,,,,,,
8/18/2025,54.7,28.4,57.98,27.05,,,,,,,,,,,,,,
8/19/2025,54.8,28.15,57.79,28.45,,,,,,,,,,,,,,
8/20/2025,54.7,27.4,57.31,28,,,,,,,,,,,,,,
8/21/2025,54.7,27.4,57.41,29.45,,,,,,,,,,,,,,
8/22/2025,54.5,26,56.07,27.85,,,,,,,,,,,,,,
8/25/2025,53.5,25.95,56.07,26.2,,,,,,,,,,,,,,
8/26/2025,52.6,27.2,57.03,27.35,,,,,,,,,,,,,,
8/27/2025,52.8,26.75,57.79,27.65,,,,,,,,,,,,,,
8/28/2025,53,27.1,58.27,27.55,,,,,,,,,,,,,,
8/29/2025,53,27.5,57.6,27.8,,,,,,,,,,,,,,
9/3/2025,53,28.15,58.74,27.5,,,,,,,,,,,,,,
9/4/2025,53.3,29.85,59.03,27.65,,,,,,,,,,,,,,
9/5/2025,53.4,28.8,58.17,27.15,,,,,,,,,,,,,,
9/8/2025,53.3,28.9,57.89,26.55,,,,,,,,,,,,,,
9/9/2025,52.9,28.85,57.6,26.55,,,,,,,,,,,,,,
9/10/2025,53.5,28.85,57.12,26.55,,,,,,,,,,,,,,
9/11/2025,53.8,29.15,58.46,26.2,,,,,,,,,,,,,,
9/12/2025,53.8,30,60.37,26.3,,,,,,,,,,,,,,
9/15/2025,54,30.35,60.27,26.4,,,,,,,,,,,,,,
9/16/2025,54.2,29.95,61.8,26.4,,,,,,,,,,,,,,
9/17/2025,54.1,29.2,62.18,26.15,,,,,,,,,,,,,,
9/18/2025,54.1,29.15,60.75,25.55,,,,,,,,,,,,,,
9/19/2025,54.1,29.25,59.22,25.35,,,,,,,,,,,,,,
9/22/2025,53.9,28.4,58.65,25.15,,,,,,,,,,,,,,
9/23/2025,54,28.65,58.84,25.35,,,,,,,,,,,,,,
9/24/2025,54,29.05,59.22,26,,,,,,,,,,,,,,
9/25/2025,54.4,28.8,58.74,25.65,,,,,,,,,,,,,,
9/26/2025,53.6,28.55,58.36,25.65,,,,,,,,,,,,,,
9/29/2025,53.8,28.6,57.6,25.6,,,,,,,,,,,,,,
9/30/2025,53.9,28.15,57.31,25.5,,,,,,,,,,,,,,
10/1/2025,54,28.3,59.32,25.8,,,,,,,,,,,,,,
,,,,,,,,,,,,,,,,,,
