time;DBD;HPG;VNM;ACB;;;;;;;;;;;;;
02/06/2022;-0,001810501;-0,034535297;-0,011175135;0,018505826;;;;;;;;;;;;;
03/06/2022;-0,001511487;0,007364545;-0,01130143;-0,002018843;;;;;;;;;;;;;
06/06/2022;-0,010293672;-0,003133159;0,007144133;0;;;;;;;;;;;;;
07/06/2022;0,024166412;-0,003143007;-0,002837383;-0,013486177;;;;;;;;;;;;;
08/06/2022;0,008363202;-0,008933263;0,005690912;0,030075188;;;;;;;;;;;;;
09/06/2022;0,02014218;0,02757158;-0,011140584;0,00199071;;;;;;;;;;;;;
10/06/2022;-0,006387921;-0,00619195;-0,010014306;-0,021854305;;;;;;;;;;;;;
13/06/2022;-0,027761543;-0,053478712;-0,044617052;-0,051455653;;;;;;;;;;;;;
14/06/2022;-0,052900511;-0,047174986;-0,00453772;0,00856531;;;;;;;;;;;;;
15/06/2022;0,011424944;-0,029360967;-0,024121557;-0,020523708;;;;;;;;;;;;;
16/06/2022;-0,028553499;0,053973903;0,054106656;0,020953757;;;;;;;;;;;;;
17/06/2022;-0,04618863;-0,010692178;-0,019017725;-0,041755131;;;;;;;;;;;;;
20/06/2022;-0,00507958;-0,069397042;0,034443817;-0,008862629;;;;;;;;;;;;;
21/06/2022;0,038801906;-0,036674817;0,068049491;0,004470939;;;;;;;;;;;;;
22/06/2022;-0,01802097;0,033629442;-0,042078365;0,03264095;;;;;;;;;;;;;
23/06/2022;0,019352686;0,013505218;0,001422728;0;;;;;;;;;;;;;
24/06/2022;-0,000981997;0;0,011365654;0,002155172;;;;;;;;;;;;;
27/06/2022;0;0,050878256;-0,005618964;0,006451613;;;;;;;;;;;;;
28/06/2022;0,003604194;-0,017867435;-0,004238036;0,022792023;;;;;;;;;;;;;
29/06/2022;-0,007182501;0,011150235;0,021280369;-0,01183844;;;;;;;;;;;;;
30/06/2022;-0,002630714;-0,019733024;-0,00138913;-0,00845666;;;;;;;;;;;;;
01/07/2022;-0,004615892;0,00473653;0,020692054;0,002132196;;;;;;;;;;;;;
04/07/2022;-0,010930772;-0,017678256;0,019080068;0,008510638;;;;;;;;;;;;;
05/07/2022;0,022103148;-0,00479904;-0,026579739;0,007735584;;;;;;;;;;;;;
06/07/2022;-0,007208388;-0,020494274;0,000686931;-0,009769714;;;;;;;;;;;;;
07/07/2022;-0,008580858;0,014153846;0,032435215;-0,002114165;;;;;;;;;;;;;
08/07/2022;0,012316911;0,032160194;0;-0,006355932;;;;;;;;;;;;;
11/07/2022;0,00822098;-0,018224574;0;-0,02061123;;;;;;;;;;;;;
12/07/2022;-0,002283105;0,011377246;0,004155585;0,021044993;;;;;;;;;;;;;
13/07/2022;-0,001307617;0;-0,010925343;0;;;;;;;;;;;;;
14/07/2022;-0,000981997;-0,004144464;-0,001338912;0,002132196;;;;;;;;;;;;;
15/07/2022;-0,003604194;0,045184304;-0,011060835;-0,00212766;;;;;;;;;;;;;
18/07/2022;-0,001315357;-0,026166098;0,001355702;-0,004264392;;;;;;;;;;;;;
19/07/2022;-0,001317089;-0,019859813;0,015400237;0;;;;;;;;;;;;;
20/07/2022;-0,002307946;0,008939213;0,002666667;0,017130621;;;;;;;;;;;;;
21/07/2022;-0,003635162;0,015948021;0,002825798;0,014035088;;;;;;;;;;;;;
22/07/2022;0,005970149;-0,022093023;-0,016409746;-0,012456747;;;;;;;;;;;;;
25/07/2022;-0,007253544;-0,013674197;0,012470509;-0,011913104;;;;;;;;;;;;;
26/07/2022;-0,004649618;-0,011452682;-0,012316911;0;;;;;;;;;;;;;
27/07/2022;0,007340674;-0,018292683;0,002696326;0,006382979;;;;;;;;;;;;;
28/07/2022;-0,004968533;0,006832298;0,005546218;0,009866103;;;;;;;;;;;;;
29/07/2022;-0,001331558;0,004935225;0,002841384;0,00628053;;;;;;;;;;;;;
01/08/2022;0,001333333;0,060159607;0,0095;0,016643551;;;;;;;;;;;;;
02/08/2022;0;0,00463231;-0,001320786;-0,004092769;;;;;;;;;;;;;
03/08/2022;0;0,036887608;0;0,002054795;;;;;;;;;;;;;
04/08/2022;0;-0,003891051;-0,001322533;0,002050581;;;;;;;;;;;;;
05/08/2022;-0,004993342;-0,015066964;-0,009601059;-0,006139154;;;;;;;;;;;;;
08/08/2022;0,006356641;0,013031161;-0,005515628;-0,004118051;;;;;;;;;;;;;
09/08/2022;0,00099734;0,021252796;-0,002689076;0,008270159;;;;;;;;;;;;;
10/08/2022;-0,002324809;-0,012595838;0,006909336;-0,004101162;;;;;;;;;;;;;
11/08/2022;0,003661784;-0,016638935;-0,019246862;-0,004118051;;;;;;;;;;;;;
12/08/2022;-0,004975124;0,023124647;0,01109215;0,00206754;;;;;;;;;;;;;
15/08/2022;0,005;0,002205072;-0,00556962;0,006189821;;;;;;;;;;;;;
16/08/2022;0,008623549;0,02310231;0,004243041;-0,004101162;;;;;;;;;;;;;
17/08/2022;0,037158829;-0,010215054;0,011154301;0,004118051;;;;;;;;;;;;;
18/08/2022;-0,002219404;-0,006518197;0,011031255;0,007518797;;;;;;;;;;;;;
19/08/2022;0,001271052;-0,016402406;0,009588362;-0,011533243;;;;;;;;;;;;;
22/08/2022;-0,015233259;-0,016675931;-0,005403635;-0,008236102;;;;;;;;;;;;;
23/08/2022;0,003544956;0,013001696;0,028482055;0,006228374;;;;;;;;;;;;;
24/08/2022;0,011881824;-0,006696429;0,024971987;0,002063274;;;;;;;;;;;;;
25/08/2022;-0,002538877;0,015168539;0,002655005;0,006177076;;;;;;;;;;;;;
26/08/2022;0;-0,014941893;-0,012928349;-0,008185539;;;;;;;;;;;;;
29/08/2022;-0,014953866;-0,021348315;-0,018147388;-0,010316369;;;;;;;;;;;;;
30/08/2022;-0,007105943;0,002296211;0,006589521;0;;;;;;;;;;;;;
31/08/2022;0,000975927;-0,002290951;-0,006546384;0,004169562;;;;;;;;;;;;;
05/09/2022;0;0,039609644;0,026518804;-0,006228374;;;;;;;;;;;;;
06/09/2022;0;-0,01490889;0,003914201;0,006267409;;;;;;;;;;;;;
07/09/2022;-0,002274943;-0,023542601;-0,026980661;-0,01384083;;;;;;;;;;;;;
08/09/2022;0,00228013;0,004592423;0;-0,012631579;;;;;;;;;;;;;
09/09/2022;0;0,030285714;0,002564514;0;;;;;;;;;;;;;
12/09/2022;0,020474488;0;-0,007833733;-0,010660981;;;;;;;;;;;;;
13/09/2022;0,003503185;-0,004437049;0,005317435;0,002155172;;;;;;;;;;;;;
14/09/2022;-0,018724215;0;-0,022599776;-0,01218638;;;;;;;;;;;;;
15/09/2022;0,007115136;-0,003899721;0,006887504;0,002177068;;;;;;;;;;;;;
16/09/2022;-0,010597303;-0,025727069;0,020032573;-0,017378711;;;;;;;;;;;;;
19/09/2022;-0,005842259;-0,014925373;-0,010538081;-0,012527634;;;;;;;;;;;;;
20/09/2022;0,004570682;0,015151515;0,00806842;0,001492537;;;;;;;;;;;;;
21/09/2022;-0,000974976;-0,00401837;0,014406915;-0,01266766;;;;;;;;;;;;;
22/09/2022;0,009433962;0,004034582;0;0,009056604;;;;;;;;;;;;;
23/09/2022;0,003544956;-0,012629162;-0,002524854;-0,008975318;;;;;;;;;;;;;
26/09/2022;-0,007064868;-0,013372093;-0,035279228;-0,018113208;;;;;;;;;;;;;
27/09/2022;0,007115136;0;-0,021482453;0,009223674;;;;;;;;;;;;;
28/09/2022;-0,030507386;-0,027106659;-0,00837942;-0,017517136;;;;;;;;;;;;;
29/09/2022;0,030142431;-0,006662629;0,012506338;0;;;;;;;;;;;;;
30/09/2022;-0,011575563;-0,020731707;-0,005508262;0,008527132;;;;;;;;;;;;;
03/10/2022;-0,039362394;-0,068493151;-0,017959047;-0,026902383;;;;;;;;;;;;;
04/10/2022;0;-0,045454545;-0,001367288;-0,02764613;;;;;;;;;;;;;
05/10/2022;0,028445648;0,018907563;0,009926408;-0,009748172;;;;;;;;;;;;;
06/10/2022;-0,023049062;-0,062542955;-0,02236909;-0,038556194;;;;;;;;;;;;;
07/10/2022;-0,024603977;-0,022727273;-0,002946785;-0,067406143;;;;;;;;;;;;;
10/10/2022;0;0,04276069;0,010083449;0,002744739;;;;;;;;;;;;;
11/10/2022;0,012785073;-0,046043165;-0,004302926;-0,063868613;;;;;;;;;;;;;
12/10/2022;-0,005117707;0,068627451;0,020051858;0,068226121;;;;;;;;;;;;;
13/10/2022;-0,00994513;0,042342978;0,030672767;0,067518248;;;;;;;;;;;;;
14/10/2022;0,030481469;-0,002708192;0,002630714;0,044444444;;;;;;;;;;;;;
17/10/2022;-0,024537815;-0,010183299;0,001475894;0,004909984;;;;;;;;;;;;;
18/10/2022;0,008614748;-0,020576132;0,032421811;0,021986971;;;;;;;;;;;;;
19/10/2022;-0,00102494;-0,023809524;0,001268834;-0,014342629;;;;;;;;;;;;;
20/10/2022;0;-0,016499283;0,011721844;0,012126112;;;;;;;;;;;;;
21/10/2022;-0,01128591;-0,066374909;-0,006419289;-0,044728435;;;;;;;;;;;;;
24/10/2022;-0,016603251;-0,0296875;-0,039079735;-0,044314381;;;;;;;;;;;;;
25/10/2022;-0,002462188;0,042673108;0,027058052;0,046369204;;;;;;;;;;;;;
26/10/2022;0;-0,011583012;0;0,012541806;;;;;;;;;;;;;
27/10/2022;0;0,0296875;0,032891586;0,067712634;;;;;;;;;;;;;
28/10/2022;0,00493653;-0,03414264;-0,006337919;0,010827533;;;;;;;;;;;;;
31/10/2022;-0,001052632;-0,068342498;0,006378345;0,004590666;;;;;;;;;;;;;
01/11/2022;0;-0,042158516;0,021641676;0,002284844;;;;;;;;;;;;;
02/11/2022;-0,001404988;0,023767606;-0,023604176;-0,02887538;;;;;;;;;;;;;
03/11/2022;-0,001406964;-0,010318143;0,021695336;-0,020344288;;;;;;;;;;;;;
04/11/2022;-0,003874604;-0,035621199;0;-0,056709265;;;;;;;;;;;;;
07/11/2022;-0,015558699;-0,064864865;0,02745336;0,025402202;;;;;;;;;;;;;
08/11/2022;-0,010416667;-0,040462428;0,002509596;0,031379026;;;;;;;;;;;;;
09/11/2022;0,001451906;-0,011044177;-0,018259461;-0,026421137;;;;;;;;;;;;;
10/11/2022;-0,015947807;-0,069035533;-0,030898455;-0,036184211;;;;;;;;;;;;;
11/11/2022;-0,015101289;0,016357688;0;0,040102389;;;;;;;;;;;;;
14/11/2022;0;-0,008583691;0,00773874;-0,023789992;;;;;;;;;;;;;
15/11/2022;0;0,024891775;-0,025341729;-0,058823529;;;;;;;;;;;;;
16/11/2022;-0,005235602;0,067581837;-0,032461393;0,067857143;;;;;;;;;;;;;
17/11/2022;0,008270677;0,068249258;0,020032573;0,031772575;;;;;;;;;;;;;
18/11/2022;-0,005592841;0,059259259;0,013252435;0,004862237;;;;;;;;;;;;;
21/11/2022;0,002624672;-0,009615385;0,011660889;-0,025806452;;;;;;;;;;;;;
22/11/2022;0;-0,01059135;0,020560748;-0,012417219;;;;;;;;;;;;;
23/11/2022;-0,001121915;-0,06779661;-0,001221001;0,015088013;;;;;;;;;;;;;
24/11/2022;-0,001497566;0,040191388;0,022616137;0,016515277;;;;;;;;;;;;;
25/11/2022;-0,002624672;0,066237351;0,012253437;0,023558083;;;;;;;;;;;;;
28/11/2022;0,008270677;0,069025022;-0,006052554;0,034920635;;;;;;;;;;;;;
29/11/2022;-0,008202834;0,063761098;0,015891876;-0,004601227;;;;;;;;;;;;;
30/11/2022;0;0,057663126;-0,002339181;-0,001540832;;;;;;;;;;;;;
01/12/2022;0,005263158;-0,010760402;-0,004835873;0,017746914;;;;;;;;;;;;;
02/12/2022;-0,004113687;0,068165337;0,019437491;0,044730857;;;;;;;;;;;;;
05/12/2022;0,018024784;0,028513238;0,011844576;0,004354136;;;;;;;;;;;;;
06/12/2022;-0,008115087;-0,069966997;-0,029407566;-0,055635838;;;;;;;;;;;;;
07/12/2022;-0,005578282;-0,018452803;0;0;;;;;;;;;;;;;
08/12/2022;-0,013462977;0,035430224;-0,018237976;0,01606733;;;;;;;;;;;;;
09/12/2022;-0,0030326;0,016061453;-0,012284644;0,017319277;;;;;;;;;;;;;
12/12/2022;0,012547529;-0,03161512;-0,018807826;-0,023686158;;;;;;;;;;;;;
13/12/2022;0;0,021291696;-0,006337919;0,024260804;;;;;;;;;;;;;
14/12/2022;0,001502065;0,011118833;-0,006378345;0,004441155;;;;;;;;;;;;;
15/12/2022;0;0,007560137;0,001252544;0,002210759;;;;;;;;;;;;;
16/12/2022;0,034495688;0,053888131;0,005160281;-0,008823529;;;;;;;;;;;;;
19/12/2022;0,003986952;-0,019417476;-0,012756689;-0,010385757;;;;;;;;;;;;;
20/12/2022;-0,002888087;-0,050165017;0,022061141;-0,008995502;;;;;;;;;;;;;
21/12/2022;0,006879073;-0,004864489;0,012642615;0,011346445;;;;;;;;;;;;;
22/12/2022;0,015821647;0;-0,016595615;0,003739716;;;;;;;;;;;;;
23/12/2022;0,008849558;-0,029329609;-0,010373123;0;;;;;;;;;;;;;
26/12/2022;0,015438596;-0,068345324;-0,002503129;-0,034277198;;;;;;;;;;;;;
27/12/2022;0,00138217;0,067953668;0,007841907;0;;;;;;;;;;;;;
28/12/2022;-0,005175983;-0,002892263;0,005135387;-0,00462963;;;;;;;;;;;;;
29/12/2022;0,002774887;-0,010877447;0;0;;;;;;;;;;;;;
30/12/2022;0;0;-0,011611705;-0,004651163;;;;;;;;;;;;;
03/01/2023;-0,001383604;0,068914956;0,031484962;0,036604361;;;;;;;;;;;;;
04/01/2023;-0,007620367;0,008230453;0,010174639;-0,002253944;;;;;;;;;;;;;
05/01/2023;-0,010122164;0,020408163;0,024052916;0,009036145;;;;;;;;;;;;;
06/01/2023;0,02045134;-0,02;-0,017322372;0,012686567;;;;;;;;;;;;;
09/01/2023;0,007601935;0,010204082;0,011353451;-0,002210759;;;;;;;;;;;;;
10/01/2023;0,010288066;0,01010101;0,003692762;0,015509601;;;;;;;;;;;;;
11/01/2023;0;0,02;-0,019720383;0,032;;;;;;;;;;;;;
12/01/2023;-0,017651052;-0,007189542;0,00750638;0,011980268;;;;;;;;;;;;;
13/01/2023;0,011402903;-0,005266623;0,007450454;-0,013927577;;;;;;;;;;;;;
16/01/2023;-0,012299283;0,015221707;-0,014790711;0,035310734;;;;;;;;;;;;;
17/01/2023;-0,033206503;0,069100391;0,018916079;0,01159618;;;;;;;;;;;;;
18/01/2023;0,021109123;0,002439024;0,004862237;0,008091706;;;;;;;;;;;;;
19/01/2023;0,02452698;-0,025547445;0;0,019397993;;;;;;;;;;;;;
27/01/2023;-0,022571819;0,016853933;-0,015982405;0,013779528;;;;;;;;;;;;;
30/01/2023;0;0,011663597;-0,007450454;-0,036245955;;;;;;;;;;;;;
31/01/2023;0,038138558;0,015776699;-0,028974628;0,025520484;;;;;;;;;;;;;
01/02/2023;-0,001011122;-0,045400239;0,001236858;-0,032743942;;;;;;;;;;;;;
02/02/2023;0,013495277;0,010012516;-0,006485485;-0,007447529;;;;;;;;;;;;;
03/02/2023;0;-0,009913259;-0,00901461;-0,020463847;;;;;;;;;;;;;
06/02/2023;0;0,002503129;0,018350063;0,016713092;;;;;;;;;;;;;
07/02/2023;0,019640479;-0,066167291;-0,016787309;-0,012328767;;;;;;;;;;;;;
08/02/2023;-0,00489716;0,055481283;-0,00391604;0,002080444;;;;;;;;;;;;;
09/02/2023;0,009514436;-0,01139962;-0,010536248;-0,006228374;;;;;;;;;;;;;
10/02/2023;0,004874878;-0,00512492;0,011919898;-0,01183844;;;;;;;;;;;;;
13/02/2023;0,002263907;-0,014810045;-0,007852992;-0,012684989;;;;;;;;;;;;;
14/02/2023;-0,003549532;0,020261438;-0,008073453;-0,002141328;;;;;;;;;;;;;
15/02/2023;0,00615285;0,009609225;0,017555059;0,029327611;;;;;;;;;;;;;
16/02/2023;0;0,024111675;0,006430364;0,010423905;;;;;;;;;;;;;
17/02/2023;0,002252977;-0,01425031;-0,006389278;0;;;;;;;;;;;;;
20/02/2023;-0,007064868;0,042740415;0,019604768;0,039889959;;;;;;;;;;;;;
21/02/2023;0;-0,013863773;-0,003845562;-0,011243386;;;;;;;;;;;;;
22/02/2023;0,019081501;-0,018337408;-0,021927116;-0,02541806;;;;;;;;;;;;;
23/02/2023;-0,003490955;0,014321295;0,00252605;0,021962938;;;;;;;;;;;;;
24/02/2023;-0,020063694;-0,032535298;-0,013228346;-0,031564809;;;;;;;;;;;;;
27/02/2023;-0,000974976;-0,033629442;0,006702841;-0,013869626;;;;;;;;;;;;;
28/02/2023;0,005855563;-0,005252791;0,00412175;0,005625879;;;;;;;;;;;;;
01/03/2023;0;0,044884488;0,01847174;0,030769231;;;;;;;;;;;;;
02/03/2023;-0,007115136;-0,013897663;-0,005270501;-0,00339213;;;;;;;;;;;;;
03/03/2023;-0,00228013;-0,012171685;-0,006389278;-0,022464261;;;;;;;;;;;;;
06/03/2023;-0,064642507;0,001945525;-0,013174404;-0,007660167;;;;;;;;;;;;;
07/03/2023;0,05095986;0,034304207;0,010648442;0,007719298;;;;;;;;;;;;;
08/03/2023;-0,000996347;0,005006258;0,009120931;0,020891365;;;;;;;;;;;;;
09/03/2023;-0,010970745;0;0;0,013642565;;;;;;;;;;;;;
10/03/2023;-0,003697479;0,00498132;0,005298426;-0,017496635;;;;;;;;;;;;;
13/03/2023;0,009784076;-0,009913259;0;-0,016438356;;;;;;;;;;;;;
14/03/2023;-0,011025727;-0,037546934;-0,003875368;-0,01810585;;;;;;;;;;;;;
15/03/2023;0;0,049414824;0,006535948;0,031205674;;;;;;;;;;;;;
16/03/2023;0;-0,021685254;-0,009121831;-0,01650619;;;;;;;;;;;;;
17/03/2023;0,002364865;-0,021532616;-0,024808863;-0,002097902;;;;;;;;;;;;;
20/03/2023;-0,004718571;-0,019417476;-0,00272;-0,014015417;;;;;;;;;;;;;
21/03/2023;-0,011175076;0,022442244;0,001283491;0,008528785;;;;;;;;;;;;;
22/03/2023;0,011986301;-0,007101356;0;-0,002114165;;;;;;;;;;;;;
23/03/2023;0;0,004551365;0,012177536;0,014124294;;;;;;;;;;;;;
24/03/2023;0,002368866;0;-0,003957575;0,002089136;;;;;;;;;;;;;
27/03/2023;-0,002363268;0,020064725;-0,005403687;-0,004169562;;;;;;;;;;;;;
28/03/2023;0,001015228;-0,005076142;-0,002716523;0;;;;;;;;;;;;;
29/03/2023;0;0,005102041;0,006729691;-0,00209351;;;;;;;;;;;;;
30/03/2023;-0,002366464;0;0,001432437;0,008391608;;;;;;;;;;;;;
31/03/2023;0,001355473;0;-0,008105531;0,016643551;;;;;;;;;;;;;
03/04/2023;0,01285956;0,009517766;0;0,009549795;;;;;;;;;;;;;
04/04/2023;0,005345807;0,004399749;-0,002563692;-0,004054054;;;;;;;;;;;;;
05/04/2023;0,004985045;0,019399249;0,004016064;0,006105834;;;;;;;;;;;;;
06/04/2023;-0,002645503;0;-0,00272;-0,015509103;;;;;;;;;;;;;
07/04/2023;-0,004973475;-0,014119091;0,005294401;0,006164384;;;;;;;;;;;;;
10/04/2023;0,01032989;-0,02366127;-0,003989786;-0,002042206;;;;;;;;;;;;;
11/04/2023;-0,002638522;0,005102041;0;-0,002046385;;;;;;;;;;;;;
12/04/2023;0,004960317;-0,002538071;-0,001281846;-0,004101162;;;;;;;;;;;;;
13/04/2023;0,027969727;-0,014631043;-0,010749238;0,004118051;;;;;;;;;;;;;
14/04/2023;0,009923175;0,009683667;-0,009568602;0;;;;;;;;;;;;;
17/04/2023;-0,002535658;0,009590793;-0,01506468;0,002050581;;;;;;;;;;;;;
18/04/2023;-0,002224341;0,005066498;0,018121363;-0,010231924;;;;;;;;;;;;;
19/04/2023;-0,002547771;-0,006931317;-0,013716525;-0,014472777;;;;;;;;;;;;;
20/04/2023;0,002554278;0;-0,001324503;-0,005594406;;;;;;;;;;;;;
21/04/2023;0,019426752;-0,005076142;-0,013925729;0;;;;;;;;;;;;;
24/04/2023;0,042174321;-0,00255102;-0,005716207;-0,002109705;;;;;;;;;;;;;
25/04/2023;-0,005695444;0,019820972;-0,008454515;-0,002114165;;;;;;;;;;;;;
26/04/2023;0;0,045141066;0,01568895;0;;;;;;;;;;;;;
27/04/2023;0,002411818;-0,013797241;-0,021155138;0;;;;;;;;;;;;;
28/04/2023;0,002406015;-0,00243309;0,007204117;0,002118644;;;;;;;;;;;;;
04/05/2023;0,062406241;-0,015853659;-0,019925068;0,020436927;;;;;;;;;;;;;
05/05/2023;-0,030499859;0,006815366;0,002953953;-0,002071823;;;;;;;;;;;;;
08/05/2023;0,007864841;0,006769231;0,023215523;0,012456747;;;;;;;;;;;;;
09/05/2023;-0,021098266;0,009168704;0,004232983;-0,002050581;;;;;;;;;;;;;
10/05/2023;0,002066726;-0,004239855;-0,002866296;0;;;;;;;;;;;;;
11/05/2023;0,004714202;0,00243309;-0,007101792;0;;;;;;;;;;;;;
12/05/2023;-0,006744868;0,027305825;-0,005619891;0,004109589;;;;;;;;;;;;;
15/05/2023;0,012400354;-0,011222682;-0,008734372;0;;;;;;;;;;;;;
16/05/2023;-0,005540974;-0,004181601;0,010193504;0;;;;;;;;;;;;;
17/05/2023;0,004398827;-0,00959808;-0,010090645;-0,004092769;;;;;;;;;;;;;
18/05/2023;-0,003211679;0,007268322;0,002937111;0,004109589;;;;;;;;;;;;;
19/05/2023;0,014645577;-0,007215875;-0,008613264;-0,002046385;;;;;;;;;;;;;
22/05/2023;-0,002309469;0,004845548;-0,005907906;0,004101162;;;;;;;;;;;;;
23/05/2023;-0,004340278;-0,009041591;-0,017479462;0,011572498;;;;;;;;;;;;;
24/05/2023;0,004359198;-0,018248175;-0,010496353;-0,00807537;;;;;;;;;;;;;
25/05/2023;0,026909722;-0,004956629;0,012046027;-0,002035278;;;;;;;;;;;;;
26/05/2023;0,001972387;-0,00498132;0;-0,003399048;;;;;;;;;;;;;
29/05/2023;0;0,01689612;0;0,005457026;;;;;;;;;;;;;
30/05/2023;0;-0,004923077;-0,008882572;0,002035278;;;;;;;;;;;;;
31/05/2023;-0,001968504;-0,006802721;-0,006094282;0,008124577;;;;;;;;;;;;;
01/06/2023;-0,04029304;0,009339975;0;0,008730692;;;;;;;;;;;;;
02/06/2023;0,03728714;0,009253547;-0,003065825;0,018641811;;;;;;;;;;;;;
05/06/2023;-0,00764223;0,002444988;0,00922576;-0,002614379;;;;;;;;;;;;;
06/06/2023;-0,005419281;0,004878049;-0,001613192;0,002621232;;;;;;;;;;;;;
07/06/2023;0,004301692;0,038834951;-0,003052065;0,001960784;;;;;;;;;;;;;
08/06/2023;-0,008852085;0,008761682;-0,010444805;-0,011089367;;;;;;;;;;;;;
09/06/2023;0,070008643;0,00463231;0,004549591;-0,002638522;;;;;;;;;;;;;
12/06/2023;0,028271405;0,002305476;0,031884058;-0,00462963;;;;;;;;;;;;;
13/06/2023;-0,010212097;0,019551466;-0,004389045;0,00730897;;;;;;;;;;;;;
14/06/2023;-0,006084656;-0,012972363;-0,007406101;0,001978892;;;;;;;;;;;;;
15/06/2023;-0,01437317;0,002285714;-0,011902647;0,002633311;;;;;;;;;;;;;
16/06/2023;0,030245747;0,012542759;-0,003056455;0,004596192;;;;;;;;;;;;;
19/06/2023;-0,001048493;-0,003941441;-0,004508566;-0,007189542;;;;;;;;;;;;;
20/06/2023;0,012070323;0,013001696;-0,004528986;0;;;;;;;;;;;;;
21/06/2023;-0,005963184;0,040178571;0,012192903;0,002633311;;;;;;;;;;;;;
22/06/2023;-0,00808555;0,010193133;0,008989572;-0,002626395;;;;;;;;;;;;;
23/06/2023;0,004207205;0,021773765;0,032965075;0,011849901;;;;;;;;;;;;;
26/06/2023;0,024090076;-0,007796258;0,02173538;0,016265452;;;;;;;;;;;;;
27/06/2023;0,002045513;0,023572551;-0,0015195;-0,002560819;;;;;;;;;;;;;
28/06/2023;-0,002041337;0,031218014;0,001521813;0,00449294;;;;;;;;;;;;;
29/06/2023;0;-0,030272953;0,018402836;-0,017891374;;;;;;;;;;;;;
30/06/2023;-0,018665303;0,01381781;-0,012599469;0,007156799;;;;;;;;;;;;;
03/07/2023;0,009119333;0,002019182;-0,004197448;0;;;;;;;;;;;;;
04/07/2023;0,001807384;0,002015113;-0,001348845;-0,002583979;;;;;;;;;;;;;
05/07/2023;-0,003865979;0,026646556;-0,011480669;-0,002590674;;;;;;;;;;;;;
06/07/2023;0,030012937;0,001469148;0,010076857;-0,011038961;;;;;;;;;;;;;
07/07/2023;-0,009796534;0,016625917;0,00574907;0;;;;;;;;;;;;;
10/07/2023;0,029426687;0,009139009;0,016812374;0,01116218;;;;;;;;;;;;;
11/07/2023;-0,01158206;-0,014299333;0,009755291;0,002597403;;;;;;;;;;;;;
12/07/2023;0,005983545;-0,011121857;0,009661045;-0,007124352;;;;;;;;;;;;;
13/07/2023;-0,019330855;0,00195599;-0,00551411;0,007175473;;;;;;;;;;;;;
14/07/2023;0,002021734;0,01659346;0,002772342;0;;;;;;;;;;;;;
17/07/2023;0,009836066;-0,007201152;-0,013660758;0;;;;;;;;;;;;;
18/07/2023;0,005744256;-0,003384913;0,001483924;0;;;;;;;;;;;;;
19/07/2023;0,013409486;0,00727802;0,002634178;0;;;;;;;;;;;;;
20/07/2023;0,032099975;0,028901734;0;0;;;;;;;;;;;;;
21/07/2023;-0,029202279;0,007022472;0,012479475;0,004533679;;;;;;;;;;;;;
24/07/2023;0,01883101;-0,005113901;0,001297438;-0,001934236;;;;;;;;;;;;;
25/07/2023;0;0;0,012309686;0,010981912;;;;;;;;;;;;;
26/07/2023;-0,011281805;0,005140187;0,00672;0;;;;;;;;;;;;;
27/07/2023;-0,024277737;0;0,009218055;-0,006389776;;;;;;;;;;;;;
28/07/2023;0,013436178;-0,0032543;0,022519685;0,00192926;;;;;;;;;;;;;
31/07/2023;-0,003682789;-0,003731343;0,007700601;0,034017972;;;;;;;;;;;;;
01/08/2023;-0,038196156;-0,024812734;-0,02552346;-0,004345127;;;;;;;;;;;;;
02/08/2023;0,002049705;0;0,001254705;0,010598504;;;;;;;;;;;;;
03/08/2023;-0,005880849;-0,023523764;-0,014254386;0,015422579;;;;;;;;;;;;;
04/08/2023;0,011831276;0,018682399;0,005561735;0,040097205;;;;;;;;;;;;;
07/08/2023;0;0,007239382;0,025916561;-0,026285047;;;;;;;;;;;;;
08/08/2023;-0,013726487;-0,012458074;-0,005237215;-0,014997001;;;;;;;;;;;;;
09/08/2023;0,012113402;0,021834061;-0,018891298;-0,008526188;;;;;;;;;;;;;
10/08/2023;-0,004074357;-0,016144349;0;-0,012899263;;;;;;;;;;;;;
11/08/2023;0;0,012548263;0,00552399;0;;;;;;;;;;;;;
14/08/2023;-0,007926362;0,016682555;-0,001412651;0,006845053;;;;;;;;;;;;;
15/08/2023;0,033762887;-0,007501172;-0,00817353;-0,008652658;;;;;;;;;;;;;
16/08/2023;-0,007479432;0;0,004120444;0,001870324;;;;;;;;;;;;;
17/08/2023;0,013564431;0,005668399;0,006944444;-0,008711886;;;;;;;;;;;;;
18/08/2023;-0,011648079;-0,056834194;-0,004075235;-0,035153798;;;;;;;;;;;;;
21/08/2023;-0,019307924;-0,011454183;-0,005508341;0,004554327;;;;;;;;;;;;;
22/08/2023;0,004091025;-0,002015113;-0,002690299;0,002590674;;;;;;;;;;;;;
23/08/2023;0,001782531;-0,019182231;0,010948905;-0,009689922;;;;;;;;;;;;;
24/08/2023;0,004067107;0,025218734;0,016323968;0,009784736;;;;;;;;;;;;;
25/08/2023;0,001772152;-0,013052209;0,002625483;-0,005167959;;;;;;;;;;;;;
28/08/2023;0,011877685;0,034587996;0,040049291;0,005194805;;;;;;;;;;;;;
29/08/2023;-0,013486513;0,005408063;-0,006368483;0;;;;;;;;;;;;;
30/08/2023;-0,005822785;0,007823961;0,005216873;0,018087855;;;;;;;;;;;;;
31/08/2023;0,013750955;0,014556041;0;0,006345178;;;;;;;;;;;;;
05/09/2023;0;0,007173601;0,029507711;0,006935687;;;;;;;;;;;;;
06/09/2023;0,027128862;0,043209877;-0,00129627;0,008766437;;;;;;;;;;;;;
07/09/2023;0;-0,012289486;-0,006201327;-0,00248293;;;;;;;;;;;;;
08/09/2023;-0,013206163;0,003686636;0,006240023;-0,006222775;;;;;;;;;;;;;
11/09/2023;0,007434944;-0,026170799;-0,006201327;-0,017532874;;;;;;;;;;;;;
12/09/2023;0,003936039;0,026874116;0,010013061;0,017845762;;;;;;;;;;;;;
13/09/2023;0,011271747;-0,012396694;-0,014942529;-0,008766437;;;;;;;;;;;;;
14/09/2023;0;-0,020920502;0,003792299;-0,004421984;;;;;;;;;;;;;
15/09/2023;0,016961473;-0,007122507;0,001307759;0,008883249;;;;;;;;;;;;;
18/09/2023;0,014534191;0;-0,007546075;-0,008805031;;;;;;;;;;;;;
19/09/2023;-0,003522781;0,020086083;0;-0,006979695;;;;;;;;;;;;;
20/09/2023;0;0,008438819;-0,007603451;0,007028754;;;;;;;;;;;;;
21/09/2023;0;0;-0,003830853;-0,002538071;;;;;;;;;;;;;
22/09/2023;0,018147537;-0,038586704;-0,006360006;-0,004452926;;;;;;;;;;;;;
25/09/2023;-0,017824074;-0,047388781;0,001190831;-0,01341853;;;;;;;;;;;;;
26/09/2023;0,001885458;0,007614213;-0,019327981;-0,004533679;;;;;;;;;;;;;
27/09/2023;0,007057163;0,011586902;0,00667071;0,004554327;;;;;;;;;;;;;
28/09/2023;-0,008876431;0,003486056;-0,023493976;-0,011658031;;;;;;;;;;;;;
29/09/2023;0,008955927;-0,011414392;-0,008019741;0,004587156;;;;;;;;;;;;;
02/10/2023;0;-0,003514056;0,018812189;0,002609263;;;;;;;;;;;;;
03/10/2023;0,028965195;-0,053400504;-0,021211659;-0,01366298;;;;;;;;;;;;;
04/10/2023;0,010442679;0,018094731;0,005456813;0;;;;;;;;;;;;;
05/10/2023;-0,005167378;-0,014113957;-0,022794232;0;;;;;;;;;;;;;
06/10/2023;0,003387534;0,002120891;0,020628372;0,009234828;;;;;;;;;;;;;
09/10/2023;0;0,022222222;-0,006840796;0,032026144;;;;;;;;;;;;;
10/10/2023;0,029709656;0,019668737;0,009549155;0,013299557;;;;;;;;;;;;;
11/10/2023;-0,013551913;0,007614213;0;-0,004375;;;;;;;;;;;;;
12/10/2023;0,00842012;-0,015617128;0,014730966;0;;;;;;;;;;;;;
13/10/2023;0,011865524;-0,001535312;0,003973105;-0,001883239;;;;;;;;;;;;;
16/10/2023;-0,004994571;-0,029215787;-0,007914764;-0,002515723;;;;;;;;;;;;;
17/10/2023;-0,006765605;-0,007919747;-0,005216324;-0,00630517;;;;;;;;;;;;;
18/10/2023;-0,003295979;-0,032464077;-0,012029611;-0,017766497;;;;;;;;;;;;;
19/10/2023;-0,001763668;-0,012651265;-0,033874493;-0,011627907;;;;;;;;;;;;;
20/10/2023;0,003533569;0,027855153;0,012603005;0,004575163;;;;;;;;;;;;;
23/10/2023;0,003301056;-0,014634146;-0,029041008;-0,004554327;;;;;;;;;;;;;
24/10/2023;0,008554508;0;0,001479047;0,004575163;;;;;;;;;;;;;
25/10/2023;-0,006742062;0,00220022;-0,018542829;0;;;;;;;;;;;;;
26/10/2023;-0,030435735;-0,052140505;-0,028924929;-0,036434613;;;;;;;;;;;;;
27/10/2023;0,036585366;0,024319629;0,014807163;0,020931803;;;;;;;;;;;;;
30/10/2023;-0,005010893;-0,01526286;-0,005768578;-0,011243386;;;;;;;;;;;;;
31/10/2023;-0,011823954;0;0,005802048;0,004682274;;;;;;;;;;;;;
01/11/2023;0,003323731;0,041331803;0,035290126;0,009320905;;;;;;;;;;;;;
02/11/2023;-0,003312721;0,054575524;0,007210751;0,0323219;;;;;;;;;;;;;
03/11/2023;0,006869045;-0,00627287;-0,012691181;-0,01086262;;;;;;;;;;;;;
06/11/2023;0;0,026301946;0,014172709;0,006459948;;;;;;;;;;;;;
07/11/2023;-0,006822183;0,001537673;-0,002762431;-0,00449294;;;;;;;;;;;;;
08/11/2023;0;0,045035824;0,008473195;0,031592521;;;;;;;;;;;;;
09/11/2023;0;-0,009304603;-0,009856196;-0,010625;;;;;;;;;;;;;
10/11/2023;-0,001772657;-0,007414731;-0,015502611;-0,006948831;;;;;;;;;;;;;
13/11/2023;-0,006881243;0,026394422;-0,012928891;0,002544529;;;;;;;;;;;;;
14/11/2023;-0,001564595;-0,007763222;0,002854744;0,010786802;;;;;;;;;;;;;
15/11/2023;0;0;0,026121902;0,024482109;;;;;;;;;;;;;
16/11/2023;-0,006939781;0,007823961;-0,005548303;0,001838235;;;;;;;;;;;;;
17/11/2023;0;-0,025715672;-0,004266492;-0,025688073;;;;;;;;;;;;;
20/11/2023;0;0,005478088;-0,010052736;-0,008788449;;;;;;;;;;;;;
21/11/2023;0;0,014858841;0,002830032;0,004433186;;;;;;;;;;;;;
22/11/2023;-0,003606853;0,005856515;-0,001328021;0,004413619;;;;;;;;;;;;;
23/11/2023;-0,01040724;-0,04997574;-0,010139628;-0,021971124;;;;;;;;;;;;;
24/11/2023;0;0,02145046;-0,005877414;-0,006418485;;;;;;;;;;;;;
27/11/2023;-0,028120713;-0,004;-0,002871622;-0,009689922;;;;;;;;;;;;;
28/11/2023;0;0,015562249;0,005929189;0,002609263;;;;;;;;;;;;;
29/11/2023;0;0,010874938;-0,001515662;0,007156799;;;;;;;;;;;;;
30/11/2023;0,068924959;-0,016625917;-0,014673638;-0,005167959;;;;;;;;;;;;;
01/12/2023;-0,006822183;0,013426156;0,01489216;0;;;;;;;;;;;;;
04/12/2023;0;0,022080471;0,005903188;0,016233766;;;;;;;;;;;;;
05/12/2023;-0,008641702;-0,009121459;-0,010228035;-0,006389776;;;;;;;;;;;;;
06/12/2023;0;0,013081395;0,005929189;0,006430868;;;;;;;;;;;;;
07/12/2023;0,001788109;0;-0,001515662;0,004472843;;;;;;;;;;;;;
08/12/2023;-0,024096386;0,003347681;0,00877045;0;;;;;;;;;;;;;
11/12/2023;0,008916324;-0,007149666;0,014546063;0;;;;;;;;;;;;;
12/12/2023;-0,003625651;0,016322612;-0,008569545;0,004452926;;;;;;;;;;;;;
13/12/2023;-0,005230839;-0,021256495;-0,017287234;-0,008866371;;;;;;;;;;;;;
14/12/2023;-0,012345679;-0,011100386;0,002875507;0,008945687;;;;;;;;;;;;;
15/12/2023;-0,001851852;-0,009272816;-0,004385225;0,01139962;;;;;;;;;;;;;
18/12/2023;0;-0,007389163;-0,016093512;0,001878522;;;;;;;;;;;;;
19/12/2023;-0,01971243;0,022828784;0;0,01125;;;;;;;;;;;;;
20/12/2023;-0,005441211;0;0,016356749;0,00618047;;;;;;;;;;;;;
21/12/2023;-0,00737393;0;-0,00440454;0,002457002;;;;;;;;;;;;;
22/12/2023;-0,00167745;-0,005822416;-0,002892632;-0,00245098;;;;;;;;;;;;;
25/12/2023;0,007441191;0,014641288;0,00443686;0,006756757;;;;;;;;;;;;;
26/12/2023;-0,022158685;0,012987013;0,001359157;-0,004270897;;;;;;;;;;;;;
27/12/2023;0,005604288;-0,001899335;0;0,001838235;;;;;;;;;;;;;
28/12/2023;0,013084565;0,007136061;0,014930438;0,019571865;;;;;;;;;;;;;
29/12/2023;0;0;-0,013206286;0,0059988;;;;;;;;;;;;;
02/01/2024;-0,029418799;-0,017949929;0,010333729;0,023255814;;;;;;;;;;;;;
03/01/2024;0,037949729;0,012987013;0,010228035;0,022727273;;;;;;;;;;;;;
04/01/2024;-0,007359924;-0,001899335;0;0,011965812;;;;;;;;;;;;;
05/01/2024;0,003826836;0,00190295;-0,002821577;0,005630631;;;;;;;;;;;;;
08/01/2024;-0,00571837;0,001899335;-0,008655126;-0,003919373;;;;;;;;;;;;;
09/01/2024;-0,003594536;-0,005687204;-0,001511081;-0,013490725;;;;;;;;;;;;;
10/01/2024;-0,003607504;-0,012392755;-0,008912056;0,00968661;;;;;;;;;;;;;
11/01/2024;-0,005792904;0,00530888;0,005938242;0;;;;;;;;;;;;;
12/01/2024;0;-0,012481997;-0,010288413;0,022009029;;;;;;;;;;;;;
15/01/2024;0,005826657;-0,001944579;-0,002897069;-0,019326339;;;;;;;;;;;;;
16/01/2024;-0,009413469;0,025815879;0,005981883;0,003941441;;;;;;;;;;;;;
17/01/2024;0,013157895;-0,005223172;-0,004417261;0;;;;;;;;;;;;;
18/01/2024;-0,001924002;0;0,00443686;0,007851935;;;;;;;;;;;;;
19/01/2024;0,003855422;0,005250597;0,008834523;0,013355593;;;;;;;;;;;;;
22/01/2024;0;0,018043685;0,004378579;0,01372872;;;;;;;;;;;;;
23/01/2024;-0,005520883;0,001865672;-0,008718981;-0,009750813;;;;;;;;;;;;;
24/01/2024;0;-0,003724395;-0,005920162;-0,009299781;;;;;;;;;;;;;
25/01/2024;-0,003861936;0;-0,005955419;0;;;;;;;;;;;;;
26/01/2024;-0,003634601;0,003738318;0,001540568;0,019326339;;;;;;;;;;;;;
29/01/2024;-0,011429961;-0,012569832;0;-0,013542795;;;;;;;;;;;;;
30/01/2024;0,005904059;0;-0,001538199;0;;;;;;;;;;;;;
31/01/2024;0;-0,008958039;0,001540568;-0,007688083;;;;;;;;;;;;;
01/02/2024;0,009293226;0,003805899;0,007349171;0,009961262;;;;;;;;;;;;;
02/02/2024;0,005573055;0,001895735;-0,001357313;0,009315068;;;;;;;;;;;;;
05/02/2024;0,001927711;0,003311258;0,008834523;0,05917481;;;;;;;;;;;;;
06/02/2024;0;0,001885903;-0,00589424;0,002050231;;;;;;;;;;;;;
07/02/2024;0,005531506;0,003764706;0;0,00511509;;;;;;;;;;;;;
15/02/2024;0;0,019221753;0;-0,028498728;;;;;;;;;;;;;
16/02/2024;-0,003587658;-0,003219871;0,035575131;0,014667365;;;;;;;;;;;;;
19/02/2024;-0,001920307;0,020766036;0,027155243;0,003613836;;;;;;;;;;;;;
20/02/2024;0;0;-0,005574136;-0,005144033;;;;;;;;;;;;;
21/02/2024;0,001924002;-0,013562387;-0,002882767;0,005170631;;;;;;;;;;;;;
22/02/2024;0;-0,008707608;0,004336653;-0,00154321;;;;;;;;;;;;;
23/02/2024;-0,001920307;-0,00554785;-0,008475932;-0,012879959;;;;;;;;;;;;;
26/02/2024;0,001924002;0,014411901;0;0,007306889;;;;;;;;;;;;;
27/02/2024;0,014642343;0,053620532;0,014032258;0,003626943;;;;;;;;;;;;;
28/02/2024;0,00378519;0,008264463;0,002863051;0,014455343;;;;;;;;;;;;;
29/02/2024;0,008955927;0,012942192;-0,002854877;0;;;;;;;;;;;;;
01/03/2024;0,003737445;-0,004684838;-0,00683951;-0,007124682;;;;;;;;;;;;;
04/03/2024;-0,003723528;-0,001711596;0,006886611;0;;;;;;;;;;;;;
05/03/2024;0;0,011573082;0,013997137;0,005638134;;;;;;;;;;;;;
06/03/2024;-0,001635132;-0,011440678;-0,016470588;-0,0127421;;;;;;;;;;;;;
07/03/2024;-0,007253159;0,00642949;0,002711324;-0,003613836;;;;;;;;;;;;;
08/03/2024;-0,010841386;-0,022572402;-0,027676157;-0,016580311;;;;;;;;;;;;;
11/03/2024;0,009054086;-0,013071895;0,004253231;-0,011064278;;;;;;;;;;;;;
12/03/2024;0,00377804;0,010154525;-0,004235217;0;;;;;;;;;;;;;
13/03/2024;0;0,019667832;0,011451006;0,034096963;;;;;;;;;;;;;
14/03/2024;-0,00188191;-0,014573511;-0,004366812;-0,014940752;;;;;;;;;;;;;
15/03/2024;0,036295074;-0,008264463;-0,01137102;0,003661088;;;;;;;;;;;;;
18/03/2024;-0,007050262;-0,016666667;-0,013144923;-0,016154247;;;;;;;;;;;;;
19/03/2024;0;0,007136485;-0,001498501;-0,002118644;;;;;;;;;;;;;
20/03/2024;-0,001603298;0,006643047;0,003001501;0,024416136;;;;;;;;;;;;;
21/03/2024;0,006882312;0,008358997;0,005985037;0,018134715;;;;;;;;;;;;;
22/03/2024;-0,008658009;0,009598604;-0,008924145;0,005597964;;;;;;;;;;;;;
25/03/2024;-0,003677316;-0,011235955;-0,007337002;-0,023279352;;;;;;;;;;;;;
26/03/2024;0;0,011363636;0,006047371;0,016580311;;;;;;;;;;;;;
27/03/2024;0,007151096;0,001728608;0;0,001529052;;;;;;;;;;;;;
28/03/2024;-0,007100321;-0,001725626;0;0,012722646;;;;;;;;;;;;;
29/03/2024;-0,001614764;-0,009507347;-0,001502755;0,005025126;;;;;;;;;;;;;
01/04/2024;-0,001848429;-0,005235602;-0,008862876;-0,0015;;;;;;;;;;;;;
02/04/2024;-0,014351852;0,010087719;0,004386705;-0,002003005;;;;;;;;;;;;;
03/04/2024;0,01268201;-0,014763352;-0,008903074;-0,014049172;;;;;;;;;;;;;
04/04/2024;-0,001623377;-0,011899515;0,022542373;-0,015776081;;;;;;;;;;;;;
05/04/2024;-0,003716609;-0,004906334;-0,004475385;-0,014994829;;;;;;;;;;;;;
08/04/2024;-0,005362555;0,004930524;-0,013153513;0;;;;;;;;;;;;;
09/04/2024;-0,00726676;0,010258698;0;0,005774278;;;;;;;;;;;;;
10/04/2024;-0,003541913;-0,008388521;-0,00303695;-0,007306889;;;;;;;;;;;;;
11/04/2024;-0,012796209;0,008459484;-0,003046201;0,001577287;;;;;;;;;;;;;
12/04/2024;0,005520883;0,001766004;0,001527754;0,031496063;;;;;;;;;;;;;
15/04/2024;-0,014800668;-0,048479506;-0,026949153;-0,041221374;;;;;;;;;;;;;
16/04/2024;-0,011146111;-0,005094951;-0,013934855;0,011146497;;;;;;;;;;;;;
17/04/2024;0;-0,012569832;0,00317965;-0,014698163;;;;;;;;;;;;;
19/04/2024;0,015192355;-0,007072136;0;-0,005327651;;;;;;;;;;;;;
22/04/2024;-0,003861936;0,007122507;-0,003169572;0,007498661;;;;;;;;;;;;;
23/04/2024;-0,001938454;-0,014144272;-0,007772478;-0,005847953;;;;;;;;;;;;;
24/04/2024;-0,001699442;0,043519847;0,007833363;0,014973262;;;;;;;;;;;;;
25/04/2024;0;-0,008707608;0,010952129;-0,008956797;;;;;;;;;;;;;
26/04/2024;-0,001945525;-0,00554785;0,004717805;0,001594896;;;;;;;;;;;;;
02/05/2024;-0,001949318;-0,0013947;0,006086957;0,005838641;;;;;;;;;;;;;
03/05/2024;0;0,010242086;0,003111495;0,018469657;;;;;;;;;;;;;
06/05/2024;-0,001708984;0,023041475;0,003101844;0,003626943;;;;;;;;;;;;;
07/05/2024;-0,005869406;0,028828829;0,033327607;0,002065049;;;;;;;;;;;;;
08/05/2024;0,005904059;0,018388792;-0,001496259;-0,003606388;;;;;;;;;;;;;
09/05/2024;-0,001956469;-0,00816853;-0,019147519;0,001551189;;;;;;;;;;;;;
10/05/2024;0;0;-0,001527754;0,003613836;;;;;;;;;;;;;
13/05/2024;-0,003920608;-0,008235804;-0,010370622;0;;;;;;;;;;;;;
14/05/2024;0;0;0,010479299;0,002057613;;;;;;;;;;;;;
15/05/2024;-0,007380074;0,033216783;0,007650459;-0,002053388;;;;;;;;;;;;;
16/05/2024;0,007434944;0,012690355;0,00286823;0,020061728;;;;;;;;;;;;;
17/05/2024;0;0;-0,002860027;0;;;;;;;;;;;;;
20/05/2024;-0,001722017;0,012531328;-0,008942129;0;;;;;;;;;;;;;
21/05/2024;0;-0,004537954;-0,003064351;-0,002017146;;;;;;;;;;;;;
22/05/2024;0;-0,017405719;-0,005976776;-0,008590197;;;;;;;;;;;;;
23/05/2024;-0,001971414;0,036693378;0,01820993;0,01783894;;;;;;;;;;;;;
24/05/2024;0;-0,020341741;-0,015016028;0,028042063;;;;;;;;;;;;;
27/05/2024;-0,001975309;0;0,001541624;0,006819289;;;;;;;;;;;;;
28/05/2024;-0,003711034;0,00872093;0,010603728;0,006773101;;;;;;;;;;;;;
29/05/2024;0,005711448;-0,018937834;-0,007446268;-0,01345507;;;;;;;;;;;;;
30/05/2024;-0,001975309;-0,012169534;-0,009036658;0,004870921;;;;;;;;;;;;;
31/05/2024;0;0,012319456;-0,004645561;-0,001454193;;;;;;;;;;;;;
03/06/2024;0,001979218;0,01426773;0,010717373;0,005825243;;;;;;;;;;;;;
04/06/2024;-0,003703704;0,010343401;-0,001539251;-0,012065637;;;;;;;;;;;;;
05/06/2024;0,005700124;-0,002047502;0,03785543;-0,006350757;;;;;;;;;;;;;
06/06/2024;0,018974864;0,002051703;-0,01898003;0;;;;;;;;;;;;;
07/06/2024;0,001934704;0;0,008916555;0,010324484;;;;;;;;;;;;;
10/06/2024;-0,005792904;0;-0,008837752;-0,007785888;;;;;;;;;;;;;
11/06/2024;0;-0,006961507;-0,010430686;-0,010299166;;;;;;;;;;;;;
12/06/2024;-0,00558388;0,017319588;0,007650459;0,016352825;;;;;;;;;;;;;
13/06/2024;0,005615234;-0,003648156;-0,001518475;0,010238908;;;;;;;;;;;;;
14/06/2024;-0,007283321;-0,013425549;-0,010476512;-0,008204633;;;;;;;;;;;;;
17/06/2024;0,005624847;0,011958763;-0,00307377;-0,001946472;;;;;;;;;;;;;
18/06/2024;0,00364786;-0,001629992;-0,001541624;0;;;;;;;;;;;;;
19/06/2024;-0,011630724;-0,001632653;-0,009092469;0,004388103;;;;;;;;;;;;;
20/06/2024;-0,002451581;0;0,010734072;0,005825243;;;;;;;;;;;;;
21/06/2024;-0,004669452;-0,010220769;0;-0,010135135;;;;;;;;;;;;;
24/06/2024;-0,014320988;-0,011978521;-0,007536828;-0,01803998;;;;;;;;;;;;;
25/06/2024;-0,009519038;0;0;-0,002482622;;;;;;;;;;;;;
26/06/2024;-0,011127972;0,006688963;-0,004659993;0,0024888;;;;;;;;;;;;;
27/06/2024;0,00511509;-0,00166113;0,001560603;-0,006454816;;;;;;;;;;;;;
28/06/2024;-0,018575064;-0,019134775;0,003116343;-0,006496752;;;;;;;;;;;;;
01/07/2024;-0,004926108;0,001696353;0,007594063;0;;;;;;;;;;;;;
02/07/2024;-0,006253257;0,012701101;0,003083248;0,01056338;;;;;;;;;;;;;
03/07/2024;-0,00131096;0,001672241;0;0,008461921;;;;;;;;;;;;;
04/07/2024;0,02021528;-0,001669449;0,00307377;-0,003948667;;;;;;;;;;;;;
05/07/2024;0,008749357;-0,002090301;0,011916922;0,005946482;;;;;;;;;;;;;
08/07/2024;-0,003826531;0,005446167;0,006056528;-0,001970443;;;;;;;;;;;;;
09/07/2024;0,002560819;0,007083333;-0,001505017;0,001974334;;;;;;;;;;;;;
10/07/2024;-0,002554278;-0,00206868;-0,01038352;-0,001970443;;;;;;;;;;;;;
11/07/2024;0,022279129;-0,00331675;-0,007446268;-0,003948667;;;;;;;;;;;;;
12/07/2024;0,004759519;-0,012063228;0;-0,006442022;;;;;;;;;;;;;
15/07/2024;0,004986288;-0,001684211;-0,001534527;-0,001995012;;;;;;;;;;;;;
16/07/2024;0,069213595;0;-0,001536885;0,006496752;;;;;;;;;;;;;
17/07/2024;0,006728538;-0,008857022;-0,005985976;0,016385303;;;;;;;;;;;;;
18/07/2024;-0,023277253;0,007234043;0,002924983;0,012212995;;;;;;;;;;;;;
19/07/2024;-0,0261916;-0,007182087;-0,009092469;0,012065637;;;;;;;;;;;;;
22/07/2024;-0,017446087;-0,005531915;0,001558172;-0,01382928;;;;;;;;;;;;;
23/07/2024;-0,015536375;-0,00855798;0,007605877;-0,030464217;;;;;;;;;;;;;
24/07/2024;0,006012024;-0,003884333;-0,004460456;0,008478803;;;;;;;;;;;;;
25/07/2024;0,019173307;-0,012564991;0;-0,006429278;;;;;;;;;;;;;
26/07/2024;-0,000977278;0,003510312;0,003101844;0,0024888;;;;;;;;;;;;;
29/07/2024;-0,01198337;0,016615654;0,02113039;0,001986097;;;;;;;;;;;;;
30/07/2024;-0,002227723;0;0,007570659;0;;;;;;;;;;;;;
31/07/2024;0,008434632;-0,024946237;0,05760561;0,016352825;;;;;;;;;;;;;
01/08/2024;-0,004920049;-0,018526687;-0,018155984;-0,024378352;;;;;;;;;;;;;
02/08/2024;-0,008405439;0,020674157;0,017044541;0;;;;;;;;;;;;;
05/08/2024;-0,01421092;-0,047996477;-0,029407115;-0,031484258;;;;;;;;;;;;;
06/08/2024;0;0,013876041;0,04756475;0,012899897;;;;;;;;;;;;;
07/08/2024;0;-0,009580292;0,015083191;-0,004075395;;;;;;;;;;;;;
08/08/2024;-0,022003035;-0,017503455;-0,014859069;-0,006138107;;;;;;;;;;;;;
09/08/2024;0,029997414;0,017815284;0,008241331;0,014925373;;;;;;;;;;;;;
12/08/2024;-0,00251067;-0,007830493;-0,004164096;0,00811359;;;;;;;;;;;;;
13/08/2024;0,00729927;-0,017177344;0,010995818;-0,00804829;;;;;;;;;;;;;
14/08/2024;-0,016991504;0,001889466;0,002757353;-0,002028398;;;;;;;;;;;;;
15/08/2024;-0,00482969;-0,00990099;-0,002749771;-0,00254065;;;;;;;;;;;;;
16/08/2024;0,008684547;0,015714286;0;0,021395823;;;;;;;;;;;;;
19/08/2024;-0,004811345;0,009845288;0,029871324;0,001995012;;;;;;;;;;;;;
20/08/2024;-0,003816794;-0,00185701;-0,005354752;0,0024888;;;;;;;;;;;;;
21/08/2024;0,017369093;0,013488372;-0,003888141;0,012413108;;;;;;;;;;;;;
22/08/2024;-0,007280944;-0,015144562;-0,014562378;0;;;;;;;;;;;;;
23/08/2024;0;0,011649581;0,00944546;0,001961746;;;;;;;;;;;;;
26/08/2024;0,002276176;-0,001842469;-0,020072442;0;;;;;;;;;;;;;
27/08/2024;-0,004794348;-0,009690817;0,001386108;0;;;;;;;;;;;;;
28/08/2024;0,006085193;-0,001863933;0,005382959;0,001957905;;;;;;;;;;;;;
29/08/2024;0,001260081;-0,004201681;-0,005354138;0,006350757;;;;;;;;;;;;;
30/08/2024;0;-0,003750586;0,005382959;0,005825243;;;;;;;;;;;;;
04/09/2024;-0,00729927;-0,009882353;0,005354138;-0,005791506;;;;;;;;;;;;;
05/09/2024;0,002535497;-0,008079848;0,005477785;-0,00631068;;;;;;;;;;;;;
06/09/2024;-0,002529084;0,014374701;0,009382567;0,003908158;;;;;;;;;;;;;
09/09/2024;-0,001267748;0,007557865;-0,007946027;-0,005839416;;;;;;;;;;;;;
10/09/2024;0;-0,01734646;0,001360133;-0,008321096;;;;;;;;;;;;;
11/09/2024;0,020817466;0,007633588;-0,004074857;-0,003948667;;;;;;;;;;;;;
12/09/2024;0,027605073;-0,009469697;0,001363843;0,012388503;;;;;;;;;;;;;
13/09/2024;0;-0,004302103;-0,024061743;-0,001957905;;;;;;;;;;;;;
16/09/2024;-0,028073572;-0,005760922;-0,013800589;-0,010299166;;;;;;;;;;;;;
17/09/2024;0,008466135;0,015934331;0,02091195;0,014370664;;;;;;;;;;;;;
18/09/2024;-0,007160494;-0,005703422;-0,001386108;0,006350757;;;;;;;;;;;;;
19/09/2024;0;0,005736138;0;0,005825243;;;;;;;;;;;;;
20/09/2024;0,022879881;0,015684411;-0,008173967;0,034266409;;;;;;;;;;;;;
23/09/2024;0,008023341;0,002339729;0,002798943;0;;;;;;;;;;;;;
24/09/2024;0,029184756;0,005602241;-0,002170879;0,006066262;;;;;;;;;;;;;
25/09/2024;0,001171783;0,013463324;-0,00994561;0,015306122;;;;;;;;;;;;;
26/09/2024;-0,004447566;-0,005497022;0,015696123;-0,007766103;;;;;;;;;;;;;
27/09/2024;0,016929226;0;0,004326997;-0,003683241;;;;;;;;;;;;;
30/09/2024;0,003236994;0,011515431;-0,012617326;-0,006007394;;;;;;;;;;;;;
01/10/2024;0,006683568;0,015027322;0;0;;;;;;;;;;;;;
02/10/2024;0,004578755;-0,016599372;0;0,0023245;;;;;;;;;;;;;
03/10/2024;-0,011166819;-0,004105839;0,002805049;-0,004174397;;;;;;;;;;;;;
04/10/2024;-0,004378889;0;-0,025641026;-0,011644155;;;;;;;;;;;;;
07/10/2024;0,00787037;0,007787448;-0,020414673;0,001885014;;;;;;;;;;;;;
08/10/2024;0,069820854;0,020909091;0,016444155;0,002351834;;;;;;;;;;;;;
09/10/2024;0,014383856;0,020480855;-0,005926638;0,029094322;;;;;;;;;;;;;
10/10/2024;-0,040846561;-0,009162304;-0,001450209;-0,001823985;;;;;;;;;;;;;
11/10/2024;0,01059135;0,001761339;0;-0,003654637;;;;;;;;;;;;;
14/10/2024;0,042139738;-0,009230769;-0,007422947;-0,005960569;;;;;;;;;;;;;
15/10/2024;-0,016132411;0,003549246;-0,006015282;-0,003690037;;;;;;;;;;;;;
16/10/2024;0,026831346;-0,001768347;0,010631338;-0,004166667;;;;;;;;;;;;;
17/10/2024;-0,00808793;0,005757307;0,001456546;0,015806602;;;;;;;;;;;;;
18/10/2024;-0,012126281;-0,011008366;-0,003070459;-0,001830664;;;;;;;;;;;;;
21/10/2024;-0,017354497;-0,007569012;-0,001458907;-0,011462632;;;;;;;;;;;;;
22/10/2024;0,006245962;-0,003589053;0;-0,015769944;;;;;;;;;;;;;
23/10/2024;-0,009203767;-0,00765421;0;0;;;;;;;;;;;;;
24/10/2024;0,02073882;0;0,016396104;-0,015551367;;;;;;;;;;;;;
25/10/2024;0,024550265;0;-0,005909599;-0,004308281;;;;;;;;;;;;;
28/10/2024;0;0,011343013;-0,011728792;0,010096154;;;;;;;;;;;;;
29/10/2024;-0,017971493;0,011215792;-0,002926353;0,001903855;;;;;;;;;;;;;
30/10/2024;0,008203618;-0,001774623;-0,01043535;-0,003800475;;;;;;;;;;;;;
31/10/2024;-0,003129564;-0,003555556;-0,003130664;0,011921793;;;;;;;;;;;;;
01/11/2024;0,007115948;-0,01338091;-0,00446281;-0,019792648;;;;;;;;;;;;;
04/11/2024;-0,023067332;-0,009041591;-0,002988544;-0,005769231;;;;;;;;;;;;;
05/11/2024;0,007232504;0,00729927;-0,001665279;0;;;;;;;;;;;;;
06/11/2024;0,010137276;0,017210145;0,004670559;0,014023211;;;;;;;;;;;;;
07/11/2024;-0,010035543;0;0,001494272;0;;;;;;;;;;;;;
08/11/2024;-0,008236536;0,001780944;-0,002984085;-0,008106819;;;;;;;;;;;;;
11/11/2024;-0,006175468;0,025777778;-0,007648819;-0,001923077;;;;;;;;;;;;;
12/11/2024;-0,008142276;-0,006932409;-0,004524129;0;;;;;;;;;;;;;
13/11/2024;0,009289263;-0,016579407;0,001514896;0,001926782;;;;;;;;;;;;;
14/11/2024;-0,004066781;-0,027506655;0;-0,013942308;;;;;;;;;;;;;
15/11/2024;-0,005157963;-0,015510949;-0,02;-0,005850804;;;;;;;;;;;;;
18/11/2024;-0,006264852;-0,003707136;-0,00788887;0,003923492;;;;;;;;;;;;;
19/11/2024;-0,014782609;-0,013488372;-0,003111495;-0,008304836;;;;;;;;;;;;;
20/11/2024;0,006398941;0,005657709;0,009537021;0,008374384;;;;;;;;;;;;;
21/11/2024;0;0,009845288;0,004637582;0,014167074;;;;;;;;;;;;;
22/11/2024;0,04012278;0,009749304;0,006325868;0,00433526;;;;;;;;;;;;;
25/11/2024;-0,00084317;0,007816092;0;-0,002398082;;;;;;;;;;;;;
26/11/2024;-0,004219409;0,001824818;0,00764526;0,004326923;;;;;;;;;;;;;
27/11/2024;0,009322034;-0,001821494;-0,003034901;0,001914792;;;;;;;;;;;;;
28/11/2024;0,068849706;0,003649635;-0,00152207;0,003822265;;;;;;;;;;;;;
29/11/2024;0,068146112;0,013181818;0,00152439;0,001903855;;;;;;;;;;;;;
02/12/2024;0,021143593;0,005832212;-0,00152207;-0,001900238;;;;;;;;;;;;;
03/12/2024;0,024306806;0,003568243;-0,009315718;-0,005711566;;;;;;;;;;;;;
04/12/2024;-0,01687467;-0,011111111;-0,009403317;0,001914792;;;;;;;;;;;;;
05/12/2024;0,010370105;0,043146067;0,015878495;0,025800287;;;;;;;;;;;;;
06/12/2024;0,001592638;-0,009047824;-0,003227999;-0,001863065;;;;;;;;;;;;;
09/12/2024;0,025618375;0,00173913;0;-0,005599627;;;;;;;;;;;;;
10/12/2024;-0,004995693;0,009114583;-0,003068007;-0,006100422;;;;;;;;;;;;;
11/12/2024;-0,008310249;-0,005591398;0,004616174;0,001888574;;;;;;;;;;;;;
12/12/2024;-0,016759777;-0,008650519;0,006296801;-0,003770028;;;;;;;;;;;;;
13/12/2024;-0,029119318;-0,010907504;-0,006257399;-0,00614948;;;;;;;;;;;;;
16/12/2024;0,0246891;-0,007498897;0,012593601;0;;;;;;;;;;;;;
17/12/2024;0,013742638;0;-0,006218487;0,001903855;;;;;;;;;;;;;
18/12/2024;0,00334507;0,012888889;0,00152207;-0,001900238;;;;;;;;;;;;;
19/12/2024;-0,003333918;-0,018429136;-0,012326917;-0,013802951;;;;;;;;;;;;;
20/12/2024;0,015316901;-0,005364327;0,017267909;0;;;;;;;;;;;;;
23/12/2024;0,019941044;0,011235955;-0,009243697;0,003861004;;;;;;;;;;;;;
24/12/2024;-0,004930296;-0,011111111;-0,001526718;0,004326923;;;;;;;;;;;;;
25/12/2024;-0,03946694;0,016629213;0,001529052;0,017711824;;;;;;;;;;;;;
26/12/2024;0,00337958;-0,00530504;-0,001526718;0,004233302;;;;;;;;;;;;;
27/12/2024;-0,017018259;-0,005777778;0;0;;;;;;;;;;;;;
30/12/2024;0;-0,003576218;-0,007815155;-0,006088993;;;;;;;;;;;;;
31/12/2024;0,001623084;-0,003589053;0,001541096;0,01602262;;;;;;;;;;;;;
02/01/2025;0,024306806;0,013057181;-0,004787143;-0,007884972;;;;;;;;;;;;;
03/01/2025;-0,006679557;-0,014666667;-0,001546126;-0,019635344;;;;;;;;;;;;;
06/01/2025;-0,013625907;-0,02074876;-0,007914659;-0,011921793;;;;;;;;;;;;;
07/01/2025;0,012020093;0;-0,012833854;0,008204633;;;;;;;;;;;;;
08/01/2025;-0,003368197;0,007369876;0;0;;;;;;;;;;;;;
09/01/2025;0,020633227;-0,009144947;0,001581167;-0,001914792;;;;;;;;;;;;;
10/01/2025;0;-0,017535764;-0,00806876;-0,010071942;;;;;;;;;;;;;
13/01/2025;-0,015162077;0,013621419;0,001591512;0,001937984;;;;;;;;;;;;;
14/01/2025;0,015395505;-0,001853568;0,00335452;-0,003868472;;;;;;;;;;;;;
15/01/2025;0,025095852;0,013463324;0,001583671;0,009708738;;;;;;;;;;;;;
16/01/2025;-0,011390683;0,004122767;0,003162333;-0,001923077;;;;;;;;;;;;;
17/01/2025;0,028202923;0,00729927;0,001751313;0,00433526;;;;;;;;;;;;;
20/01/2025;-0,016223449;-0,001811594;-0,001748252;0,001918465;;;;;;;;;;;;;
21/01/2025;-0,026181571;-0,005444646;-0,001576182;-0,001914792;;;;;;;;;;;;;
22/01/2025;-0,016759777;-0,005930657;-0,003157341;-0,004316547;;;;;;;;;;;;;
23/01/2025;0,004971591;0,019274897;0,006510646;0,018304432;;;;;;;;;;;;;
24/01/2025;-0,004946996;-0,004052229;0,003146853;0,001892148;;;;;;;;;;;;;
03/02/2025;-0,008700284;-0,005424955;-0,02736145;-0,009915014;;;;;;;;;;;;;
04/02/2025;0,018986208;0,016818182;-0,004837843;0,006199332;;;;;;;;;;;;;
05/02/2025;-0,010019336;-0,001788109;0,02160605;0,005687204;;;;;;;;;;;;;
06/02/2025;0,010120739;0;-0,013041946;0,004241282;;;;;;;;;;;;;
07/02/2025;0,006855335;-0,005373936;0,001607143;0,007508212;;;;;;;;;;;;;
10/02/2025;-0,015188547;-0,046825754;-0,003209128;0,004191896;;;;;;;;;;;;;
11/02/2025;0,025704662;0,02739726;-0,003398319;0,001855288;;;;;;;;;;;;;
12/02/2025;-0,010024196;-0,009655172;0,009870782;-0,00787037;;;;;;;;;;;;;
13/02/2025;0,010125698;0,00185701;-0,004798294;0,001866542;;;;;;;;;;;;;
14/02/2025;-0,003283788;0,007877665;-0,006607143;0,001863065;;;;;;;;;;;;;
17/02/2025;0,011617826;0,00183908;-0,005033255;0,0023245;;;;;;;;;;;;;
18/02/2025;-0,00497086;0,015144562;0,005058717;-0,002319109;;;;;;;;;;;;;
19/02/2025;-0,021533161;-0,001808318;0,00826892;0,0023245;;;;;;;;;;;;;
20/02/2025;-0,003521127;0,001811594;-0,001604564;0,005565863;;;;;;;;;;;;;
21/02/2025;0;-0,003616637;0,011428571;0,009686347;;;;;;;;;;;;;
24/02/2025;-0,001590106;0,047186933;0,039194915;-0,001827318;;;;;;;;;;;;;
25/02/2025;-0,005131835;-0,006932409;-0,014101257;-0,005949657;;;;;;;;;;;;;
26/02/2025;0,011917467;0,008726003;0,003101844;-0,001841621;;;;;;;;;;;;;
27/02/2025;-0,005097557;0,025519031;-0,014258718;0,00599631;;;;;;;;;;;;;
28/02/2025;-0,008480565;-0,016026993;0;-0,004126547;;;;;;;;;;;;;
03/03/2025;0,003563792;0,001714531;0,016033461;0;;;;;;;;;;;;;
04/03/2025;-0,006924716;-0,006846384;0,004802744;0,005985267;;;;;;;;;;;;;
05/03/2025;-0,003397104;-0,010771219;-0,012632298;0;;;;;;;;;;;;;
06/03/2025;0,003408683;0,014372822;0,003284924;0,009610984;;;;;;;;;;;;;
07/03/2025;-0,003397104;0,003434951;-0,003274169;0,009519492;;;;;;;;;;;;;
10/03/2025;-0,010405454;-0,003423192;-0,003112033;-0,007633588;;;;;;;;;;;;;
11/03/2025;0;0,00729927;-0,001560874;0;;;;;;;;;;;;;
12/03/2025;0,00688905;-0,012361466;-0,00330033;-0,005882353;;;;;;;;;;;;;
13/03/2025;0;-0,003884333;-0,003136982;-0,007282658;;;;;;;;;;;;;
14/03/2025;-0,006841916;-0,005199307;0,001573427;-0,004126547;;;;;;;;;;;;;
17/03/2025;-0,003444525;0,010888502;0,014487694;0,007826888;;;;;;;;;;;;;
18/03/2025;-0,001819174;-0,009047824;-0,007914659;0,003654637;;;;;;;;;;;;;
19/03/2025;0,026426098;-0,012608696;-0,003295179;-0,003641329;;;;;;;;;;;;;
20/03/2025;-0,003551136;-0,003963012;-0,008004176;0,001827318;;;;;;;;;;;;;
21/03/2025;-0,003385602;0;-0,00806876;-0,005471956;;;;;;;;;;;;;
24/03/2025;-0,037904524;0;0,001591512;0,009628611;;;;;;;;;;;;;
25/03/2025;-0,018026389;0,002210433;0;-0,002270663;;;;;;;;;;;;;
26/03/2025;0,012869039;0,012792236;-0,003177966;-0,005461994;;;;;;;;;;;;;
27/03/2025;0;-0,00174216;-0,001594049;-0,005949657;;;;;;;;;;;;;
28/03/2025;-0,01083707;-0,013089005;-0,01312755;-0,001841621;;;;;;;;;;;;;
31/03/2025;-0,016433699;-0,014588859;0,005033255;0,001845018;;;;;;;;;;;;;
01/04/2025;0;0,009421265;0,00321946;0,001841621;;;;;;;;;;;;;
02/04/2025;-0,00921836;0,009333333;-0,004991977;-0,003676471;;;;;;;;;;;;;
03/04/2025;-0,069199457;-0,07001321;-0,066117183;-0,069188192;;;;;;;;;;;;;
04/04/2025;-0,036026656;-0,029356061;0,035495012;-0,014866204;;;;;;;;;;;;;
08/04/2025;-0,06977749;-0,069268293;-0,068371317;-0,068913481;;;;;;;;;;;;;
09/04/2025;0,02554575;-0,069706499;-0,045942721;-0,016207455;;;;;;;;;;;;;
10/04/2025;0,069972826;0,068169014;0,069209923;0,069192751;;;;;;;;;;;;;
11/04/2025;0,020529101;0,068037975;0,034314681;0,066255778;;;;;;;;;;;;;
14/04/2025;0,003940274;0,042962963;-0,010556079;-0,001926782;;;;;;;;;;;;;
15/04/2025;-0,002065689;0,019886364;-0,010478186;-0,027992278;;;;;;;;;;;;;
16/04/2025;-0,014903747;-0,013463324;-0,005390836;0,007944389;;;;;;;;;;;;;
17/04/2025;-0,003992435;0;0;0;;;;;;;;;;;;;
18/04/2025;0,013080169;-0,001882353;0,010840108;0,008374384;;;;;;;;;;;;;
21/04/2025;-0,00603915;-0,01980198;0,001723478;-0,016121153;;;;;;;;;;;;;
22/04/2025;-0,040435785;0,003848004;-0,012425922;0;;;;;;;;;;;;;
23/04/2025;0,008515284;0,020124581;0,007162214;0,020357498;;;;;;;;;;;;;
24/04/2025;0;0,001878816;-0,001729771;-0,018004866;;;;;;;;;;;;;
25/04/2025;-0,001082485;0,004219409;0,035425491;-0,010406343;;;;;;;;;;;;;
28/04/2025;0,00520156;-0,002334267;-0,013573819;0,002003005;;;;;;;;;;;;;
29/04/2025;0,029107374;-0,005615349;0,001696513;0,003998001;;;;;;;;;;;;;
05/05/2025;0,01822753;0,008;-0,01223184;0;;;;;;;;;;;;;
06/05/2025;0,003909465;-0,009803922;0;-0,00199104;;;;;;;;;;;;;
07/05/2025;-0,00184464;-0,001885903;0,005334349;0;;;;;;;;;;;;;
08/05/2025;0,011909651;0,011809164;0,003411029;0,006483791;;;;;;;;;;;;;
09/05/2025;-0,009943182;-0,002334267;0,005288008;0;;;;;;;;;;;;;
12/05/2025;-0,005943841;-0,009358914;0,015592711;0,010406343;;;;;;;;;;;;;
13/05/2025;-0,008865979;0,015588096;-0,001664817;0,007846984;;;;;;;;;;;;;
14/05/2025;0,00104015;0,013488372;-0,005373356;0,008272506;;;;;;;;;;;;;
15/05/2025;-0,003117207;0;0,010804769;0,030405405;;;;;;;;;;;;;
16/05/2025;0,013133208;-0,013308857;-0,010689274;-0,004215457;;;;;;;;;;;;;
19/05/2025;0,008024691;-0,006046512;-0,003539493;-0,001881468;;;;;;;;;;;;;
20/05/2025;0,011839151;0;-0,001682557;0,00801131;;;;;;;;;;;;;
21/05/2025;-0,002017349;0,004211511;-0,008988764;0,001870033;;;;;;;;;;;;;
22/05/2025;-0,00970285;-0,004193849;-0,00718065;-0,003733084;;;;;;;;;;;;;
23/05/2025;0,01367626;-0,001871783;0,005329273;0,011709602;;;;;;;;;;;;;
26/05/2025;0,00583971;-0,001875293;0,007194245;-0,00462963;;;;;;;;;;;;;
27/05/2025;0,003803804;0;-0,005263158;-0,002325581;;;;;;;;;;;;;
28/05/2025;0;0,001878816;-0,003590325;-0,002331002;;;;;;;;;;;;;
29/05/2025;0,003988831;-0,001875293;-0,001896454;-0,004672897;;;;;;;;;;;;;
30/05/2025;-0,003972984;0,007984969;-0,003610108;-0,009389671;;;;;;;;;;;;;
02/06/2025;0,011567611;-0,007921715;-0,00553013;0;;;;;;;;;;;;;
03/06/2025;0,020899054;0,017848755;0,016490892;0,007109005;;;;;;;;;;;;;
04/06/2025;0,042873696;-0,002307337;0,025278249;-0,007058824;;;;;;;;;;;;;
05/06/2025;-0,032037037;-0,007400555;-0,01048758;-0,004739336;;;;;;;;;;;;;
06/06/2025;-0,009374402;0,011649581;-0,017850502;0;;;;;;;;;;;;;
09/06/2025;0,001931248;0,009672962;0;-0,002380952;;;;;;;;;;;;;
10/06/2025;0,003662298;-0,004105839;0;0;;;;;;;;;;;;;
11/06/2025;-0,003648934;-0,003664682;-0,0017039;0;;;;;;;;;;;;;
12/06/2025;0,005589823;0,026666667;0,012706239;0,00477327;;;;;;;;;;;;;
13/06/2025;0,00920069;-0,014778325;-0,007303371;0;;;;;;;;;;;;;
16/06/2025;0,011016144;0,013181818;0,014525561;0,011876485;;;;;;;;;;;;;
17/06/2025;-0,005448056;0,003589053;-0,001859427;-0,004694836;;;;;;;;;;;;;
18/06/2025;0,001888931;0,011175682;-0,003539493;0,004716981;;;;;;;;;;;;;
19/06/2025;0,003582202;-0,008841733;0,001869508;0;;;;;;;;;;;;;
20/06/2025;0,023482998;0,003568243;0,008770293;0,007042254;;;;;;;;;;;;;
23/06/2025;0,003671072;-0,005777778;-0,012208657;-0,004662005;;;;;;;;;;;;;
24/06/2025;-0,014264813;0,005811354;0,008801498;-0,00234192;;;;;;;;;;;;;
25/06/2025;0,005380334;0,007555556;0,007239651;-0,002347418;;;;;;;;;;;;;
26/06/2025;-0,001660823;0,005734451;-0,007187615;-0,002352941;;;;;;;;;;;;;
27/06/2025;-0,001848429;0,002192982;0,024874698;0;;;;;;;;;;;;;
30/06/2025;-0,005555556;-0,006564551;0,003441406;0,004716981;;;;;;;;;;;;;
01/07/2025;0,009310987;-0,002202643;-0,00866426;0;;;;;;;;;;;;;
02/07/2025;0,001845018;0,011037528;0,003641661;0;;;;;;;;;;;;;
03/07/2025;0,003683241;0,008733624;-0,003628447;0,004694836;;;;;;;;;;;;;
04/07/2025;0;0,006493506;0,005280408;0,021028037;;;;;;;;;;;;;
07/07/2025;-0,003669725;0,015053763;0,001811266;0,018306636;;;;;;;;;;;;;
08/07/2025;-0,001841621;0,046610169;0,018983909;0;;;;;;;;;;;;;
09/07/2025;0,003690037;0,002024291;0,020227111;0,008988764;;;;;;;;;;;;;
10/07/2025;0,005514706;0,016161616;-0,008173913;0,004454343;;;;;;;;;;;;;
11/07/2025;-0,001828154;0,033797217;0,001578117;0,006651885;;;;;;;;;;;;;
14/07/2025;0,003663004;-0,009615385;0,008403361;0;;;;;;;;;;;;;
15/07/2025;0,020072993;-0,009708738;-0,003298611;-0,011013216;;;;;;;;;;;;;
16/07/2025;-0,010733453;0,023529412;0;0;;;;;;;;;;;;;
17/07/2025;-0,003616637;-0,003831418;0;0;;;;;;;;;;;;;
18/07/2025;0,003629764;-0,003846154;0,001567671;0,008908686;;;;;;;;;;;;;
21/07/2025;-0,005424955;0,011583012;-0,003304348;0,008830022;;;;;;;;;;;;;
22/07/2025;0,001818182;0,009541985;0,003315303;0,002188184;;;;;;;;;;;;;
23/07/2025;0,003629764;-0,001890359;0,025043478;0,004366812;;;;;;;;;;;;;
24/07/2025;-0,003616637;-0,015151515;0,032405836;0,008695652;;;;;;;;;;;;;
25/07/2025;-0,001814882;0,001923077;-0,00788825;0,017241379;;;;;;;;;;;;;
28/07/2025;0,023636364;0,011516315;0,001490807;0,01059322;;;;;;;;;;;;;
29/07/2025;-0,019538188;-0,037950664;-0,001488587;-0,046121593;;;;;;;;;;;;;
30/07/2025;0,005434783;0,001972387;-0,00480371;0,010989011;;;;;;;;;;;;;
31/07/2025;-0,003603604;-0,017716535;-0,026964048;0;;;;;;;;;;;;;
01/08/2025;0;0,008016032;-0,01967157;0;;;;;;;;;;;;;
04/08/2025;-0,001808318;0,005964215;0,006630605;0,013043478;;;;;;;;;;;;;
05/08/2025;-0,007246377;0,043478261;-0,004853527;0,006437768;;;;;;;;;;;;;
06/08/2025;0,00729927;0,026515152;0,019857168;0,031982942;;;;;;;;;;;;;
07/08/2025;-0,005434783;0,051660517;-0,006490179;0,008264463;;;;;;;;;;;;;
08/08/2025;-0,001821494;-0,01754386;-0,001547189;-0,006147541;;;;;;;;;;;;;
11/08/2025;0;0,005357143;0,011363636;0,006185567;;;;;;;;;;;;;
12/08/2025;-0,001824818;0,012433393;0,004937011;-0,006147541;;;;;;;;;;;;;
13/08/2025;0,014625229;-0,014035088;-0,011350161;0,010309278;;;;;;;;;;;;;
14/08/2025;-0,009009009;0,003558719;0,009938314;0,069387755;;;;;;;;;;;;;
15/08/2025;-0,001818182;-0,007092199;-0,011367492;0,013358779;;;;;;;;;;;;;
18/08/2025;-0,003642987;0,014285714;-0,004976832;0,018832392;;;;;;;;;;;;;
19/08/2025;0,001828154;-0,008802817;-0,003276992;0,051756007;;;;;;;;;;;;;
20/08/2025;-0,001824818;-0,026642984;-0,008305935;-0,015817223;;;;;;;;;;;;;
21/08/2025;0;0;0,001744896;0,051785714;;;;;;;;;;;;;
22/08/2025;-0,003656307;-0,051094891;-0,023340881;-0,054329372;;;;;;;;;;;;;
25/08/2025;-0,018348624;-0,001923077;0;-0,059245961;;;;;;;;;;;;;
26/08/2025;-0,01682243;0,048169557;0,017121455;0,04389313;;;;;;;;;;;;;
27/08/2025;0,003802281;-0,016544118;0,013326319;0,010968921;;;;;;;;;;;;;
28/08/2025;0,003787879;0,013084112;0,008305935;-0,003616637;;;;;;;;;;;;;
29/08/2025;0;0,014760148;-0,011498198;0,00907441;;;;;;;;;;;;;
03/09/2025;0;0,023636364;0,019791667;-0,010791367;;;;;;;;;;;;;
04/09/2025;0,005660377;0,060390764;0,004937011;0,005454545;;;;;;;;;;;;;
05/09/2025;0,001876173;-0,035175879;-0,014568863;-0,018083183;;;;;;;;;;;;;
08/09/2025;-0,001872659;0,003472222;-0,004813478;-0,022099448;;;;;;;;;;;;;
09/09/2025;-0,00750469;-0,001730104;-0,005009501;0;;;;;;;;;;;;;
10/09/2025;0,011342155;0;-0,008333333;0;;;;;;;;;;;;;
11/09/2025;0,005607477;0,010398614;0,023459384;-0,013182674;;;;;;;;;;;;;
12/09/2025;0;0,02915952;0,032671912;0,003816794;;;;;;;;;;;;;
15/09/2025;0,003717472;0,011666667;-0,001656452;0,003802281;;;;;;;;;;;;;
16/09/2025;0,003703704;-0,013179572;0,025385764;0;;;;;;;;;;;;;
17/09/2025;-0,001845018;-0,025041736;0,006148867;-0,009469697;;;;;;;;;;;;;
18/09/2025;0;-0,001712329;-0,022997748;-0,022944551;;;;;;;;;;;;;
19/09/2025;0;0,003430532;-0,025185185;-0,007827789;;;;;;;;;;;;;
22/09/2025;-0,003696858;-0,029059829;-0,009625127;-0,007889546;;;;;;;;;;;;;
23/09/2025;0,001855288;0,008802817;0,003239557;0,007952286;;;;;;;;;;;;;
24/09/2025;0;0,013961606;0,006458192;0,025641026;;;;;;;;;;;;;
25/09/2025;0,007407407;-0,008605852;-0,00810537;-0,013461538;;;;;;;;;;;;;
26/09/2025;-0,014705882;-0,008680556;-0,006469186;0;;;;;;;;;;;;;
29/09/2025;0,003731343;0,001751313;-0,013022618;-0,001949318;;;;;;;;;;;;;
30/09/2025;0,001858736;-0,015734266;-0,005034722;-0,00390625;;;;;;;;;;;;;
01/10/2025;0,001855288;0,005328597;0,035072413;0,011764706;;;;;;;;;;;;;
;;;;;;;;;;;;;;;;;
